,created_at,id,text
0,2022-07-08T00:45:29.000Z,1545207407365816320,@txsalth2o @AmericanAir @SouthwestAir Iâ€™d trust my kid to change planes. Probably one of the safest places to let them do something real on their own.
1,2022-07-08T00:44:57.000Z,1545207274007801856,After flying to Kona from Oakland at the beginning of last month with two Bike Box cases that meet the weight and dimensions I got the oversized/weight fees charged refunded! But apparently as a one time exception. Southwest at Oakland is not bike friendly. @SouthwestAir
2,2022-07-08T00:43:34.000Z,1545206927562625024,"FEC records tell us @SouthwestAir's political donations to insurrectionist candidates post 1/6 totaled $59,500. See who got $ #DonationsAgainstDemocracy https://t.co/ZEGbQ4cb2k"
3,2022-07-08T00:43:18.000Z,1545206861003096064,"@txsalth2o @AmericanAir @SouthwestAir If it makes you feel any better, it's been the same price for at least 5 years. ğŸ¤·ğŸ¼â€â™€ï¸
#Somethingthatdidntincreasewithinflation"
4,2022-07-08T00:40:41.000Z,1545206199859044352,@SouthwestAir me just trying to be home already
5,2022-07-08T00:37:52.000Z,1545205490078081025,RT @SouthwestAir: Wanna mix things up on your next hike? Our variety of heart-pumping destinations are nothing less than epic. Give us a loâ€¦
6,2022-07-08T00:37:26.000Z,1545205384612380684,@SouthwestAir worst airlines ever!!!
7,2022-07-08T00:36:46.000Z,1545205213778280451,"Sadly, frustratingly, @SouthwestAir checked my stroller to my final destination after I told them how much I needed it in Dallas. Playing zone defense for 3 1/2 hours with a one year old and a four year old. Wish me luck."
8,2022-07-08T00:33:05.000Z,1545204288183537665,@FionaMaray @kittybatpurrs @SouthwestAir Oh damn! Thanks for the tip!
9,2022-07-08T00:32:54.000Z,1545204242637398016,@SouthwestAir please
10,2022-07-08T00:32:48.000Z,1545204217249423363,"More to come, @SouthwestAir? #Southwest #SouthwestHeart #denver #chicago #lasvegas #sanjose https://t.co/we35AXOrmv"
11,2022-07-08T00:30:05.000Z,1545203533422555137,"@SouthwestAir I hope yâ€™all get sued into the ground for the ongoing practice of selling flights you donâ€™t have crew for. 5th flight. In a row. 

After this I have one more booked flight to take, then yâ€™all can kick rocks. People have important places to be, your co. doesnâ€™t care."
12,2022-07-08T00:29:33.000Z,1545203398483533825,@SouthwestAir  on a flight and itâ€™s one hour late.  Come around and ask for drinks and then he wants to charge?  Was free when delayed in past. I give him and card and he canâ€™t get it to work. Asked for another card and I didnâ€™t have one. Card is fine and has unlimited credit!
13,2022-07-08T00:28:00.000Z,1545203007012339717,"@ltecato @SouthwestAir As I read it, she fell due to her own inability to safely operate her own power wheelchair. If she canâ€™t even get to the door safely without assistance, how would she evacuate in an emergency? Prob shouldnâ€™t be flying alone then. So where was her family? Not an airline issue."
14,2022-07-08T00:26:25.000Z,1545202609019125761,@SouthwestAir Thank you!
15,2022-07-08T00:25:05.000Z,1545202277056667648,@imogenbadger @kittybatpurrs @SouthwestAir is the furry friendliest airline. Two checked bags free has allowed me to take Fiona anywhere.
16,2022-07-08T00:23:34.000Z,1545201894464815107,"The absolute fuck, @SouthwestAir! Get your shit together. #Southwest #Chicago #Denver https://t.co/vVgwhJb90o"
17,2022-07-08T00:22:57.000Z,1545201737094598656,"RT @REMASCULATE: The Denver airport is a mess.  Delays, luggage delays.   Almost an hour wait after landing to pull up to a gate?   Whatâ€™sâ€¦"
18,2022-07-08T00:21:46.000Z,1545201440007798784,@stayingblonde @SouthwestAir Does she walk to the school bus on her own?
19,2022-07-08T00:21:37.000Z,1545201402523185153,"RT @ATTSportsNetRM: First game from AZ!

ğŸ“º AT&amp;T SportsNet
ğŸ•– 7 PM MT
ğŸŸï¸ Chase Field
âš¾ï¸ Austin Gomber (COL) vs Dallas Keuchel (ARI)

@Rockiesâ€¦"
20,2022-07-08T00:21:17.000Z,1545201320197607424,@GlitterDabs @SouthwestAir Wait what is an edible? Lol. I thought this was food
21,2022-07-08T00:21:16.000Z,1545201313671249921,@SouthwestAir itâ€™s less than 36 hours before my flight and I have early bird but canâ€™t see my boarding pass. Am I missing something?
22,2022-07-08T00:21:09.000Z,1545201285535698944,"@SouthwestAir only letting active duty military members in uniform board early (and not even earlyâ€¦ just after A) is not much of a salute. This is a bizarre policy, and would never apply to military aviators because if we are flying on orders then itâ€™s in a much faster jetâ€¦"
23,2022-07-08T00:20:47.000Z,1545201195018592256,"On a @SouthwestAir flight from Raleigh to Atlanta, diverted mid âœˆï¸ to Birmingham due to â›ˆ, diverted mid-diversion to Greenville, SC due to more â›ˆ 

The upside? Never been to SC before. Even though we didnâ€™t get off the plane in SC, Iâ€™m counting it as a visit ğŸ“Œ"
24,2022-07-08T00:20:36.000Z,1545201144820994048,@SouthwestAir hello. can you assist? I am trying to reach SBA baggage to retrieve my bags that are there and it keeps going to voicemail! I need to coordinate delivery - thank you
25,2022-07-08T00:19:33.000Z,1545200881003552774,@GlitterDabs @SouthwestAir Facts
26,2022-07-08T00:18:36.000Z,1545200642221916166,@SouthwestAir Molly is always vining on Southwest without entertainment https://t.co/w5cZeAByE6
27,2022-07-08T00:18:11.000Z,1545200536978432002,@Delta @united @JetBlue @SouthwestAir can you please have a section for masked people? This is ridiculous. Covid is spreading like wildfire again and you are  irresponsible not having a mask mandate. Your making people sick and killing some.
28,2022-07-08T00:17:46.000Z,1545200432187858945,I was told if I didnâ€™t move seats I would be put off the plane. I politely said â€œif the four people infront of me want an exit row they can have it but i did nothing wrong!â€ A flight attendant interjected and said well they donâ€™t want an exit row. She @SouthwestAir
29,2022-07-08T00:17:04.000Z,1545200258661191683,"then mouthed to me â€œyouâ€™re not wrong keep your seatâ€ I said â€œI get out of my seat and allow the 3 people who scanned their ticket first to sit down then i can sit back down or Iâ€™ll even wait for them to sit and Iâ€™ll sit againâ€ Now mind you, the lady who walked me  @SouthwestAir"
30,2022-07-08T00:17:01.000Z,1545200244069019648,Iâ€™ve called the Denver Airport and at least they looked in their lost and found. Have tried called @SouthwestAir baggage claim at Denver airport and left a voicemail multiple times and no one calls me back. So upsetting
31,2022-07-08T00:16:22.000Z,1545200083150462978,down is standing there letting them ostracize me! I sat in an exit isle seat in the front row. And then got up to talk to the flight attendant so I could say my peace and felt the need to let them know I wasnâ€™t a problem stater. I asks @SouthwestAir https://t.co/s5nUvoHwhe
32,2022-07-08T00:16:02.000Z,1545199998966571010,"the flight attendant if I could speak to her and she said â€œIâ€™m busy right now you can sit downâ€ so i said â€œwell can i talk to the pilot?â€ I took photos of all the flight attendants and captain. The flight attendant, weirdly named Karen @SouthwestAir"
33,2022-07-08T00:15:41.000Z,1545199907765723136,"told the captain i took photos of her. I hear him say â€œitâ€™s probably for social media, Iâ€™ll deal with itâ€. I get up and ask to speak to the captain. I walk out and the captain asked if i took pictures. I said yes. He then threatens me and says that his @SouthwestAir"
34,2022-07-08T00:15:12.000Z,1545199785820536832,crew can feel uncomfortable and take me off the plane if i donâ€™t erase the pictures. He says they are new to southwest and can be on. Social media because it makes them uncomfortable. I said what about my comfort?! He said @SouthwestAir
35,2022-07-08T00:14:47.000Z,1545199682414067713,he well i have to protect my employees. I asked him â€œwhat would you do if your wife told you this happened to her? (At this point I was soo upset that I was crying.). Your first question would be who did it and did you get a pic of @SouthwestAir
36,2022-07-08T00:14:32.000Z,1545199618304069632,"Donâ€™t leave anything on a @SouthwestAir flight! Youâ€™ll never see it again! My daughter left her iPad on a flight, tried to call right away Southwest was told to make an online report. Still nothing a week later. Called multiple times and sat on hold over an hour. Ridiculous."
37,2022-07-08T00:14:23.000Z,1545199584368103424,themâ€?  He said no. â€œI would say they are doing their jobâ€.  He then said he would put me off the plane. He then told me to delete the picture and donâ€™t post it on social media. And asked to see me delete it. I showed him me deleting it. (I knew it was in my deleted @SouthwestAir
38,2022-07-08T00:14:02.000Z,1545199494475796483,files). I said I never said I was posting it on social media. I was just taking a picture for my records.  The lady with him then proceeded to tell me that she â€œwants to think Iâ€™m telling the truthâ€ I said â€œthink? I am telling the truth!  @SouthwestAir
39,2022-07-08T00:13:37.000Z,1545199388250832898,@SouthwestAir this is my 4th attempt at getting assistance from southwest!
40,2022-07-08T00:13:35.000Z,1545199380910817282,Iâ€™ve been in law enforcement for 16 years why would I risk my job for a flight?â€. She then said well I donâ€™t want the plane to leave u til i have her name so we can fix this. They proceeded to hand  me a $200 voucherâ€¦ $200!!!  as if that would solve my public @SouthwestAir
41,2022-07-08T00:13:15.000Z,1545199298857533443,"humiliation, an entire plane thinking Iâ€™m held them up and the fact that Iâ€™m now in an isle seat. I am livid. The fact that they didnâ€™t make the white lady get up nor did they even try and make me feel better. I pointed out to them that she @SouthwestAir"
42,2022-07-08T00:12:53.000Z,1545199206826213378,@SouthwestAir https://t.co/luJFRXkWEm
43,2022-07-08T00:12:44.000Z,1545199165973700615,was sitting there still and he and the othe lady said â€œwell we canâ€™t control that we just know weâ€™re youâ€™re sittingâ€ i said so you made me get up but not her and we did the same thing? And I was walked down by one of your @SouthwestAir
44,2022-07-08T00:12:43.000Z,1545199161779392517,@nowthisnews I love @SouthwestAir ! ğŸ˜‚
45,2022-07-08T00:12:24.000Z,1545199081269743618,employees! (At this point sheâ€™s standing next to me). She says â€œyeah. I walked her down to get an isle seat since sheâ€™s tall. They said â€œOh! We didnâ€™t know that!â€ I said â€œI have literally said that 5 times @SouthwestAir
46,2022-07-08T00:12:03.000Z,1545198996179894275,I had to sit in an isle seat because of their gross lack of communication. Iâ€™ve never had an issue with southwest airline but they way they ganged up on me while holding @SouthwestAir
47,2022-07-08T00:11:44.000Z,1545198916357857280,"Hey @SouthwestAir, I've been trying over and over again to get a response from y'all regarding unusable flight credits for the past month, and been left with an auto response every single time. Can y'all please help out?"
48,2022-07-08T00:11:13.000Z,1545198785357307914,another persons ticket in their hand who did the same thing and allowing the guy to stay seated who did in fact pre-board is ridiculous! During the flight I cried most of it. I lost my appetite and didnâ€™t want to get up to use the bathroom because of all the @SouthwestAir
49,2022-07-08T00:10:43.000Z,1545198661121998849,dirty looks i was getting. The flight attendant told me when we land she would ensure she got my bags which were now 6 rows behind me. I got up during that flight to out my ear pods away and one of the customers said to @SouthwestAir
50,2022-07-08T00:10:15.000Z,1545198542964367361,me â€œwhy are you looking in there your shit is in the bin you put them inâ€. I was immediately uncomfortable. I asked Karen for tissues and she proceeded to apologize to me profusely. I told her itâ€™s too late. The damage is done @SouthwestAir
51,2022-07-08T00:09:49.000Z,1545198434596134912,Iâ€™m embarrassed and really upset. She kept apologizing and even tried the white tears. After saying her son was a firefighter and her daughter worked for a prosecutor office. She tried it. The captain and the entire crew were a clear indication of what Amerikkka is @SouthwestAir
52,2022-07-08T00:09:03.000Z,1545198239695208450,"@SouthwestAir why is your pilot making jokes about ""joining him in his hot tub"" while all of us are sitting on a plane NOT in atlanta but in south carolina an hour after we were supposed to land in atl? hmmm"
53,2022-07-08T00:08:50.000Z,1545198187165753344,"They didnâ€™t even try to give me a good seat. Instead to me I had to get up or be placed off the plane. I was racially profiled, embarrassed, publicly ostracized and threatened.  I feel humiliated. And feel this wasnâ€™t handled professionally. @SouthwestAir https://t.co/Tu6HRh4csL"
54,2022-07-08T00:07:56.000Z,1545197958353899528,"If I do anything in this life, I will try my hardest to never fly @SouthwestAir ever again. Wildest, most frustrating experience today. And to top it off, I get attitude in an attempt to simply figure out why theyâ€™re sending me all around the country without my permission"
55,2022-07-08T00:07:43.000Z,1545197905774104578,RT @SouthwestAir: Wanna mix things up on your next hike? Our variety of heart-pumping destinations are nothing less than epic. Give us a loâ€¦
56,2022-07-07T23:54:40.000Z,1545194620065239040,whatâ€™s a girl got to do to get a @SouthwestAir drink coupon ğŸ˜… why do I never get any when I solely spend with this card
57,2022-07-07T23:53:20.000Z,1545194285288624128,@SouthwestAir  WiFi is ğŸ‘ŒğŸ» didnâ€™t even know my phone worked until half my flight ğŸ˜‚
58,2022-07-07T23:39:51.000Z,1545190893379936257,@IWedFred @SouthwestAir But I feel like I've already won! ğŸ˜˜
59,2022-07-07T23:36:51.000Z,1545190135125655552,"RT @SouthwestAir: Want some beachy summer vacay thought-starters? 

â¤ this tweet for our recommendations on favorite summer getaway destinaâ€¦"
60,2022-07-07T23:35:05.000Z,1545189693121212416,@SouthwestAir my SWA attendant was so passive aggressive i'm afraid to breathe when she is in the vicinity ğŸ˜
61,2022-07-07T23:34:35.000Z,1545189565463269376,RT @FLEXXASmusic: @djprenup @SouthwestAir In-flight silent disco ğŸª©
62,2022-07-07T23:31:53.000Z,1545188885780742146,@NotThatBrianna @SouthwestAir Buy a lottery ticket!!!
63,2022-07-07T23:31:05.000Z,1545188686291091456,"If any of you are @SouthwestAir travelers, you'll understand the significance of this: I got A2! #winning https://t.co/3lDgumcLxc"
64,2022-07-07T23:30:57.000Z,1545188651889459200,"RT @ATTSportsNetRM: First game from AZ!

ğŸ“º AT&amp;T SportsNet
ğŸ•– 7 PM MT
ğŸŸï¸ Chase Field
âš¾ï¸ Austin Gomber (COL) vs Dallas Keuchel (ARI)

@Rockiesâ€¦"
65,2022-07-07T23:30:03.000Z,1545188423849635840,"Submit your favorite #SanFrancisco business for this year's Excellence in Business Awards!

âœˆï¸ Nominate now and you will be entered to win (2) round-trip domestic tickets on @SouthwestAir! The more you nominate, the more chances you have to win!

ğŸ†: https://t.co/7MF7mVYuhW https://t.co/2lcl07jW9v"
66,2022-07-07T23:18:36.000Z,1545185544988004352,RT @tracikroberts: Thank u 2 the amazing people who made this happen! These 2 r now w their forever families living their best life n New Eâ€¦
67,2022-07-07T23:14:37.000Z,1545184540758806528,@Wondering_71M3 @AlexCanine1 @msmarvel @OnlyMurdersHulu @Wendys @lifetimetv @SouthwestAir @candyonhulu @Apple @NetflixFilm Woo-hoo!!!! https://t.co/9C00s9MEyK
68,2022-07-07T23:14:13.000Z,1545184441546354689,@SouthwestAir sent me some drink tickets! Thank you! Can I have some points or a flight credit too? ğŸ¤£ğŸ¤—ğŸ¤—
69,2022-07-07T23:12:48.000Z,1545184082719428608,@FatBluJay @porfieville @SouthwestAir https://t.co/9atq0CX1GL
70,2022-07-07T23:12:06.000Z,1545183906562842625,@SueOfSideLanny @porfieville @SouthwestAir
71,2022-07-07T23:08:16.000Z,1545182941923475457,@_MattMcLeod @SouthwestAir Dude. You should have tweeted sooner ğŸ˜‚
72,2022-07-07T23:07:38.000Z,1545182785425485824,"The stewardess just sang final reminders to the tune of ""She'll Be Coming 'Round the Mountain"" and earned a round of applause from the flight. @SouthwestAir #threeversestoo"
73,2022-07-07T23:05:18.000Z,1545182195882475520,@SouthwestAir Tone deaf much? https://t.co/XMmw9nIQmy
74,2022-07-07T23:05:17.000Z,1545182194338934784,"@SouthwestAir Have three family members booked with points. Now two wonâ€™t be able to make it, but canâ€™t cancel flights for just those two online (system wants to cancel all three). Any help?"
75,2022-07-07T23:04:32.000Z,1545182004097982464,@southwestair Thank you! Canâ€™t wait my next flights!  Cheers!! https://t.co/Tquevi3rwl
76,2022-07-07T22:53:56.000Z,1545179338148118529,"RT @djprenup: @FLEXXASmusic You know Iâ€™m game, @SouthwestAir letâ€™s have some fun!"
77,2022-07-07T22:53:51.000Z,1545179314110570497,@djprenup @SouthwestAir In-flight silent disco ğŸª©
78,2022-07-07T22:49:52.000Z,1545178311239811072,@JordanKlemm @SouthwestAir Wait this is so cute Jordan ğŸ¥º
79,2022-07-07T22:49:47.000Z,1545178293854384129,"@FLEXXASmusic You know Iâ€™m game, @SouthwestAir letâ€™s have some fun!"
80,2022-07-07T22:47:03.000Z,1545177605468561409,@MoonPigMerch @WestJet @AirCanada @AirChinaNA thatâ€™s a good question @Delta @AmericanAir @JetBlue @SpiritAirlines @SouthwestAir
81,2022-07-07T22:46:40.000Z,1545177509624516608,"New âœˆï¸ experience right now â€¦

Weâ€™ve been fully boarded &amp; sitting at the gate for almost an hour w/o an ETD because a clerical error locked down the system &amp; no one can get it unlocked??

@SouthwestAir - any updates on whatâ€™s going on with Flight 44 thatâ€™s just sitting at Hobby?"
82,2022-07-07T22:38:37.000Z,1545175482999652356,@SouthwestAir To clarify - that photo of the â€œdamagesâ€ was done PRIOR to checking it in at the ticket counter.
83,2022-07-07T22:37:42.000Z,1545175253042741251,@SouthwestAir Right. So when should I expect to hear back from HQ about this?
84,2022-07-07T22:36:51.000Z,1545175039330377728,@rebeccadunnell @SouthwestAir LUV seeing you around! Welcome back! ğŸ¤—
85,2022-07-07T22:33:23.000Z,1545174164704731136,"@SouthwestAir Yes we filled it out. 

Just when you think that you all survived flying with 2 toddlers â€¦ you then start discovering whatâ€™s missing ğŸ˜­ğŸ˜­ğŸ˜­"
86,2022-07-07T22:32:37.000Z,1545173972987281408,@GracoBaby any advice on how to reattach the head rest of a 4ever car seat back to the base/body? It came off while In transit on @SouthwestAir I did take off the cover in an attempt to reattach it. https://t.co/7kLLJ71rjh
87,2022-07-07T22:32:09.000Z,1545173854078861314,@SouthwestAir I Z what you did there.
88,2022-07-07T22:31:48.000Z,1545173765738430465,@SouthwestAir â¤ï¸
89,2022-07-07T22:30:05.000Z,1545173333490163719,"@SouthwestAir @SouthwestAir when I picked up my car seat at Denver intâ€™l airport, it looked like this. I did take off the cover in an effort to reattach the head rest of the car seat. Can you help? https://t.co/ExovBWBdlr"
90,2022-07-07T22:30:03.000Z,1545173324321390598,Everything is better together! #RTClient @SouthwestAir lets you bundle a flight + hotel â€” and save! Check out the vacation packages @ https://t.co/ZGEyqfOdUJ https://t.co/21TZ3s7Ucx
91,2022-07-07T22:29:17.000Z,1545173132914343938,@SouthwestAir so uhhh is there a reason the Oâ€™hare flight to Orlando was delayed so much? We went from a 1:45 departure to 5:59 departure. Not to be a Karen but itâ€™s a wee bit annoying
92,2022-07-07T22:28:56.000Z,1545173046536937475,"@SouthwestAir There was a mix up with the confirmation numbers, and my daughter received a different boarding group. My son requires pre-board, so I needed to go on with him. Was I seriously supposed to leave my 10 year old behind to figure it out on her own? @SouthwestAir"
93,2022-07-07T22:24:32.000Z,1545171936124325889,"RT @SouthwestAir: Want some beachy summer vacay thought-starters? 

â¤ this tweet for our recommendations on favorite summer getaway destinaâ€¦"
94,2022-07-07T22:23:27.000Z,1545171665587404801,"First game from AZ!

ğŸ“º AT&amp;T SportsNet
ğŸ•– 7 PM MT
ğŸŸï¸ Chase Field
âš¾ï¸ Austin Gomber (COL) vs Dallas Keuchel (ARI)

@Rockies | #Rockies | @SouthwestAir https://t.co/QST8lF5xZR"
95,2022-07-07T22:23:27.000Z,1545171664207376384,Hey @SouthwestAir. What is the issue of the continuous flight delays. I pay more money for early flights only to be delayed every week. I think a weekly credit is due. You expect me to be ontime... I expect the same!
96,2022-07-07T22:21:32.000Z,1545171181082447872,"@Koondey1 @txsalth2o @AmericanAir @SouthwestAir 100% agree. Plus even though itâ€™s a service and they charge for it, the flight attendants have enough else going on and I hate to pile on to their list of tasks by dumping my kid on them."
97,2022-07-07T22:18:59.000Z,1545170542793211905,"@SouthwestAir Well, as of right now I have two round trip tickets with you, first Vegas, second Kansas City, MO.  More to follow!  Love my @SouthwestAir !â¤ï¸"
98,2022-07-07T22:15:33.000Z,1545169675708948480,"Southwest
When @SouthwestAir makes your bride-to-be friend a super-special tiara on the flight to her bachelorette party! ğŸ’›ğŸ‘‘ LGB-AUS https://t.co/X6gPN6RNW3"
99,2022-07-07T22:15:10.000Z,1545169582511587332,@SouthwestAir What sucks is when you pay for the wifi package and after they charge you your flights gets cancelled
100,2022-07-07T22:10:24.000Z,1545168381355196420,@SouthwestAir ğŸ–•ğŸ»
101,2022-07-07T22:00:44.000Z,1545165947882946561,"#ICYMI Thanks to @SouthwestAir's Station Manager, this young aviator got a VIP behind-the-scenes tour at ISP. Parker's 5-years-old, but he already knows that someday he wants to work for Southwest just like his mom. 
#southwestheart #flymacarthur #hereforlongisland #longisland https://t.co/6BtIJtOONv"
102,2022-07-07T21:58:42.000Z,1545165437012512773,Shoutout to @SouthwestAir for taking â€œgood careâ€ of my knee scooter that i use daily for my fractured ankle. I guess I just wonâ€™t use the damaged brakes/brake line anymore. ğŸ¤·ğŸ¼â€â™€ï¸ https://t.co/QzRHRvFMC1
103,2022-07-07T21:55:18.000Z,1545164580585934849,"@thsuburbanmommy @AmericanAir @SouthwestAir Which is fine, if your flight is direct. 

However if she has to change planes in Midway? Donâ€™t think so."
104,2022-07-07T21:54:31.000Z,1545164384946749440,Awwww. Thanks @SouthwestAir â€¦ I guess weâ€™re friends. Cue the Golden Girls theme! https://t.co/s8ZYr8dAcv
105,2022-07-07T21:54:14.000Z,1545164311785619461,@SouthwestAir hi can you help me with my confirmation number?
106,2022-07-07T21:48:49.000Z,1545162950826237953,@SouthwestAir #airlines @NASAaero https://t.co/8ZI7mLiuf2
107,2022-07-07T21:48:25.000Z,1545162848468455426,Itâ€™s a gorgeous day for a flight out of @flymanchester on @southwestair! #nofilter #travel #letsgo @ Manchester-Boston Regional Airport https://t.co/xTundXWDSg
108,2022-07-07T21:43:31.000Z,1545161614629842946,@mygurgle456 @AlexCanine1 @msmarvel @OnlyMurdersHulu @Wendys @lifetimetv @SouthwestAir @candyonhulu @Apple @NetflixFilm Wooooo!!!
109,2022-07-07T21:43:22.000Z,1545161575715049472,RT @mygurgle456: My top amazing fans #mytopfollowers #WorldChocolateDay via https://t.co/Yc2dk0Gyp1 Retweet if you see yourself @Wondering_â€¦
110,2022-07-07T21:41:53.000Z,1545161202485104644,"when youâ€™re traveling for the 1st time with your toddlers on @SouthwestAir and all is great until you get home and discover you lose your @theragun while juggling all the toddler bags ğŸ˜­ğŸ˜­ğŸ˜­ 

detestation sets in very quickly ğŸ˜­ğŸ˜­ğŸ˜­"
111,2022-07-07T21:40:50.000Z,1545160938843770881,"RT @SouthwestAir: Want some beachy summer vacay thought-starters? 

â¤ this tweet for our recommendations on favorite summer getaway destinaâ€¦"
112,2022-07-07T21:38:36.000Z,1545160379205971968,"Family Sues @SouthwestAir  After Woman Fell From #Wheelchair While Boarding Plane at #FLL #Florida #denver #ada 

https://t.co/x3LdSq8hff"
113,2022-07-07T21:35:15.000Z,1545159535056265221,"RT @SouthwestAir: Us when we see someone on a flight with no entertainment, just vibing: 
ğŸ‘ï¸ğŸ‘„ğŸ‘ï¸"
114,2022-07-07T21:33:16.000Z,1545159037511077888,@itsBzy @JoshMankiewicz @SouthwestAir https://t.co/b8KS1QAtd0
115,2022-07-07T21:32:21.000Z,1545158805222146049,"RT @SJVSun: Valley travelers love them some Las Vegas. Now, @SouthwestAir is quadrupling down. https://t.co/tmuDCOOJD3"
116,2022-07-07T21:31:53.000Z,1545158688259903491,"Valley travelers love them some Las Vegas. Now, @SouthwestAir is quadrupling down. https://t.co/tmuDCOOJD3"
117,2022-07-07T21:30:31.000Z,1545158343567753217,@SouthwestAir Yâ€™all finna buy my plane ticket or ?
118,2022-07-07T21:29:18.000Z,1545158036372697088,@JMurphFB @LASairport @Allegiant @SouthwestAir https://t.co/IcQm9iTT8Z
119,2022-07-07T21:24:28.000Z,1545156821882732546,When did @SouthwestAir turn into the grumpy airline?  Wonâ€™t let our 10 yr old board with us because she somehow received a C boarding pass and not a B like the rest of us? #notacceptable Sheâ€™s 10.
120,2022-07-07T21:22:05.000Z,1545156219806986240,"@stevejekel @LASairport Plus @Allegiant = ""Tiger King Crowd"". I'll stick w my fave @SouthwestAir in the future."
121,2022-07-07T21:19:48.000Z,1545155644918988803,"So i'm flying @SouthwestAir for the first time in September, has anyone flown with them? good/bad?"
122,2022-07-07T21:17:13.000Z,1545154996534231040,Landing @MCO. Well done @SouthwestAir! Loved the crew today! https://t.co/3a5hsezzU8
123,2022-07-07T21:14:05.000Z,1545154206516056065,"@txsalth2o @AmericanAir @SouthwestAir Capitalidm, am I right?"
124,2022-07-07T21:12:45.000Z,1545153874650185728,"Thank you for the free drinks @SouthwestAir ! Glad youâ€™re serving alcohol again!

#cocktails #airtravel #ThankYou @CMercedesKHOU https://t.co/vcjkHrrwlp"
125,2022-07-07T21:12:31.000Z,1545153813673304064,@SouthwestAir I haven't caught a flight since 2019!!!ğŸ˜–
126,2022-07-07T21:11:37.000Z,1545153587013099520,RT @SouthwestAir: RT if you know anyone who wants flexibility on their next flight! ğŸ™‹â€â™€ï¸ ğŸ™‹ ğŸ™‹â€â™‚ï¸
127,2022-07-07T21:05:16.000Z,1545151989062983681,@SouthwestAir Thank you we were.
128,2022-07-07T21:02:20.000Z,1545151250097995777,My top amazing fans #mytopfollowers #WorldChocolateDay via https://t.co/Yc2dk0Gyp1 Retweet if you see yourself @Wondering_71M3 @AlexCanine1 @msmarvel @OnlyMurdersHulu @Wendys @lifetimetv @SouthwestAir @candyonhulu @Apple @NetflixFilm https://t.co/TScVccuyWV
129,2022-07-07T20:58:10.000Z,1545150204600631296,RT @bruce_dvorak: Daughters.  Thus had in US security get rejected and get the pass reprinted.  Was told by AA agent that this is a commonâ€¦
130,2022-07-07T20:57:56.000Z,1545150143665692675,Daughters.  Thus had in US security get rejected and get the pass reprinted.  Was told by AA agent that this is a common problem with BA London.  Then the AA gate agent would not hold the fight for 2 the min it took my family to get to the gate.  Was on a @SouthwestAir flight 2/x
131,2022-07-07T20:56:41.000Z,1545149828174192640,"Hey airlines. Which one if you is gonna start 21+ flights ?? @Delta @AmericanAir @SouthwestAir @AlaskaAir ?? I bet even 1 flight a  month would ALWAYS be full. 
Adult only events work for tons of other businesses â€¦.#justsayin"
132,2022-07-07T20:55:41.000Z,1545149578189721601,@SouthwestAir Thank you! Thatâ€™s early enough for a 0620 flight!! Appreciate your fast response!
133,2022-07-07T20:55:23.000Z,1545149504403279872,Excited to share my poster at the @OrphanConf next week to raise awareness of #MitchellSyndrome but very nervous about transporting the poster! No way am I checking it.  Any ideas? On @SouthwestAir can i bring a 3ft poster tube as a carryon and still bring my backpack? 1/2
134,2022-07-07T20:51:44.000Z,1545148585112526848,@SouthwestAir I would rather have my flight be on time and not delayed. I can entertain myself. Right now I am sitting on a plane waiting because we are delayed.
135,2022-07-07T20:51:36.000Z,1545148549243064321,"Got married, trying to change my name on all airlines. Only @SouthwestAir handled it. Been on the phone with @AmericanAir for hours, remembering why I stopped flying with them.ğŸ˜¡"
136,2022-07-07T20:51:26.000Z,1545148510231732226,A quick shoutout to the fine folks at @SouthwestAir. Iâ€™ve had a bunch of recent travel and had no delays or cancellations. My heart goes out to all overworked airline workers these days. Hoping for everyone traveling to have smooth sailing. âœˆï¸ â¤ï¸
137,2022-07-07T20:51:02.000Z,1545148408456953856,"RT @SouthwestAir: Want some beachy summer vacay thought-starters? 

â¤ this tweet for our recommendations on favorite summer getaway destinaâ€¦"
138,2022-07-07T20:48:54.000Z,1545147871401590786,"@SouthwestAir @toomanydishes The above information is incorrect. A-List members can now make confirmed same-day changes by phone or at the airport for no additional fare difference. Perhaps Holden is simply unaware, which is disappointing. https://t.co/HbI2DdyXkC"
139,2022-07-07T20:48:33.000Z,1545147781332869121,"RT @SouthwestAir: Us when we see someone on a flight with no entertainment, just vibing: 
ğŸ‘ï¸ğŸ‘„ğŸ‘ï¸"
140,2022-07-07T20:47:21.000Z,1545147479875788806,"This wk's Visionary is @SouthwestAir's Emerging Trends Advisor @kpkleist Listen here: https://t.co/zvHME35WSx Recorded at our most recent event, Whatâ€™s Next Now: #Travel, #Tourism &amp;  #Hospitality, we speak abt the transformation of travel by #tech &amp; the future of flight. #podcast https://t.co/LSs39HYMjH"
141,2022-07-07T20:42:50.000Z,1545146343714324480,"RT @SouthwestAir: Us when we see someone on a flight with no entertainment, just vibing: 
ğŸ‘ï¸ğŸ‘„ğŸ‘ï¸"
142,2022-07-07T20:42:25.000Z,1545146239997599750,@SouthwestAir why yall be taking so long with these BAAAAGGSSSSS
143,2022-07-07T20:38:38.000Z,1545145286175195136,"RT @SouthwestAir: Us when we see someone on a flight with no entertainment, just vibing: 
ğŸ‘ï¸ğŸ‘„ğŸ‘ï¸"
144,2022-07-07T20:36:03.000Z,1545144637005991943,"This is one #ThrowbackThursday photo that doesn't need explaining. Looking good, @SouthwestAir! Thank you for being a trusted airline partner at MKE for nearly 13 years now! https://t.co/j2Oo8dB4Rs"
145,2022-07-07T20:31:59.000Z,1545143613675356165,@DeuceMason @SouthwestAir @BarstoolBigCat Update: still havenâ€™t taken off. Itâ€™s been a 1:51 hr delay as of now @SouthwestAir @BarstoolBigCat
146,2022-07-07T20:30:22.000Z,1545143207176159233,@SouthwestAir what time does the counter open at MIA? Thank you!
147,2022-07-07T20:30:09.000Z,1545143150230093827,"ICYMI

â€œThis is a unique opportunity to invest in what we believe could be game-changing technology...â€

Well done @SouthwestAir! 

https://t.co/wIhvVoWzhP"
148,2022-07-07T20:28:20.000Z,1545142695252869120,"RT @MasksworkMofo: We should be given full refunds when @Delta , @united , @SouthwestAir cancel flights, and free hotel rooms on their dimeâ€¦"
149,2022-07-07T20:27:03.000Z,1545142370664173572,@SouthwestAir my confirmation number was sent over 2 hours ago. No response?
150,2022-07-07T20:22:27.000Z,1545141213866639362,"@TimSheehanNews @SouthwestAir @iflyfresno FYI, United has three flights each day to Denver. The story only mentions one. https://t.co/gNd4SyeR8x"
151,2022-07-07T20:22:23.000Z,1545141196812582914,"Stuck in the airport in Costa Rica. Flight delayed 3 times and then canceled all together. Was chatting on DM with a @SouthwestAir rep whoâ€™s now ghosting me. Would be cool if I could get home to my kids and job. Or at least know whatâ€™s going on. Not ideal.
#SouthwestAirlines"
152,2022-07-07T20:22:22.000Z,1545141195466235907,@SouthwestAir no customer service again no one can handle any simple requests â€”totally frustrating!!
153,2022-07-07T20:21:35.000Z,1545140998124306439,@SouthwestAir hey! I have not hear a peep from your social media team â€¦this is getting worse â€¦
154,2022-07-07T20:18:31.000Z,1545140226338590720,"Every time I fly @SouthwestAir Iâ€™m always impressed by the woman in purple. Sheâ€™s just reading her book, not freaking out about a falling laptop then ends up rescuing everyone on board. #Superhero https://t.co/QkvzYEyDi6"
155,2022-07-07T20:16:49.000Z,1545139796313530369,"Strong seasonal demand prompts @SouthwestAir to add another #flight to its schedule to/from #Fresno @iflyfresno six days a week. Here's where it's heading, and when it's flying https://t.co/KxhuRHAPz6"
156,2022-07-07T20:11:06.000Z,1545138357663154176,RT @SouthwestAir: RT if you know anyone who wants flexibility on their next flight! ğŸ™‹â€â™€ï¸ ğŸ™‹ ğŸ™‹â€â™‚ï¸
157,2022-07-07T20:09:03.000Z,1545137843064000512,RT @SouthwestAir: Wanna mix things up on your next hike? Our variety of heart-pumping destinations are nothing less than epic. Give us a loâ€¦
158,2022-07-07T20:08:32.000Z,1545137713946427396,"RT @SouthwestAir: RT if you want to add more flexibility to your fare, PLUS
ğŸ’› Transferable flight credit
â¤ï¸ Same-day flight changes
ğŸ’™ 8X Raâ€¦"
159,2022-07-07T20:08:15.000Z,1545137642576130048,"@DeuceMason @SouthwestAir @BarstoolBigCat Update. After a 1 hour 25 minute delay, the tune up seeeeeeeeeeems to be done."
160,2022-07-07T20:06:09.000Z,1545137111317110784,@SouthwestAir https://t.co/AgZZ0Eoli5
161,2022-07-07T20:05:41.000Z,1545136994979909635,"RT @SouthwestAir: Us when we see someone on a flight with no entertainment, just vibing: 
ğŸ‘ï¸ğŸ‘„ğŸ‘ï¸"
162,2022-07-07T20:00:45.000Z,1545135753369309184,"RT @SouthwestAir: Us when we see someone on a flight with no entertainment, just vibing: 
ğŸ‘ï¸ğŸ‘„ğŸ‘ï¸"
163,2022-07-07T19:57:14.000Z,1545134870183219204,"@SouthwestAir That's why I bring a book with me. And a set of earbuds so it LOOKS like I am listening to something.

I just want to read, look out the window at the pretty clouds, and have a G&amp;T."
164,2022-07-07T19:57:11.000Z,1545134855263907840,"@SouthwestAir Thanks for the clarification - seems like the website is outdated then, since this page says ""free same-day change, but they must call Customer Service or visit a Southwest Gate Agent to make the confirmed change without paying the fare difference""
https://t.co/F7TAKlb0fH"
165,2022-07-07T19:53:40.000Z,1545133968781197312,@SouthwestAir This has been me on every SW flight the past year. Wifi onboard is terrible and doesnâ€™t even load your own site for movies/TV!
166,2022-07-07T19:53:20.000Z,1545133885897465857,I just logged into my @SouthwestAir account and realized I have almost $600 in travel funds that are about to expireâ€¦ um BYE Iâ€™m outta here âœˆï¸âœˆï¸âœˆï¸
167,2022-07-07T19:44:30.000Z,1545131662320623616,"@AJKayWriter @txsalth2o @AmericanAir @SouthwestAir Yes, we were required to pay for the service for a direct flight on Alaska even though we accompanied the child to the gate."
168,2022-07-07T19:42:02.000Z,1545131044579467266,@SouthwestAir https://t.co/yrxshmWcr4
169,2022-07-07T19:41:32.000Z,1545130919014502401,@SouthwestAir Jajajajaja ya no MamÃ©n ğŸ¤£ğŸ˜‚
170,2022-07-07T19:40:58.000Z,1545130776336924681,@SouthwestAir flight #3072 this was the most enjoyable flight Iâ€™ve ever had. This sweet flight attendant made this sweet fussy baby smile. Everyone on this flight was SO kind &amp; it just reminded me why I love you guys so much ğŸ’™â™¥ï¸ https://t.co/4TeyjIkgf4
171,2022-07-07T19:39:53.000Z,1545130502054715394,RT @itsBzy: LOL hey @SouthwestAir give this man a raise ğŸ˜­ https://t.co/jFbPkukF4Y
172,2022-07-07T19:37:57.000Z,1545130017096552449,"@SouthwestAir
 Can you confirm that A-List Preferred can make free same-day flight changes? I called and was told it was standby only."
173,2022-07-07T19:37:33.000Z,1545129916001243136,"RT @SouthwestAir: At Southwest, we love celebrating with you. In fact, Flight Attendants like Jordie and Sierra go out of their way to makeâ€¦"
174,2022-07-07T19:37:27.000Z,1545129889333800960,"RT @SouthwestAir: They say the apple doesn't fall far from the tree. Congrats to the father/son Pilot duo, Captain Tom and First Officer Maâ€¦"
175,2022-07-07T19:36:46.000Z,1545129719032516609,"Insane deals for the @SouthwestAir credit card miles baby

https://t.co/1crbTUJDHS"
176,2022-07-07T19:35:44.000Z,1545129456628637706,@itsBzy @JoshMankiewicz @SouthwestAir Fun.ğŸ˜Š
177,2022-07-07T19:33:46.000Z,1545128963277742082,@SouthwestAir Hard to have good entertainment when your wifi is never working. Get your shit together
178,2022-07-07T19:33:32.000Z,1545128904825847808,"@DeuceMason I may never arrive in Vegas. This @SouthwestAir plane has been delayed for over 50 mins as of now. First a tire, now a cabin issue, I swear theyâ€™re giving the plane a tune up while itâ€™s 99 percent full. @BarstoolBigCat"
179,2022-07-07T19:33:12.000Z,1545128818788139009,RT @itsBzy: LOL hey @SouthwestAir give this man a raise ğŸ˜­ https://t.co/jFbPkukF4Y
180,2022-07-07T19:32:10.000Z,1545128559198588930,The @SouthwestAir crew on flight #1088 helped us celebrate Lexieâ€™s 18th birthday today!! Who doesnâ€™t love a TP birthday cake and the entire plane singing to you? https://t.co/5EQqwxQoAB
181,2022-07-07T19:31:13.000Z,1545128321993715712,My 1st time flying on @SouthwestAir was a disasterâ€¦ 3 hrs delayed &amp; it was a domino effect on alllll my reservations after that. Car rental &amp; hotel &amp; trip plans. ğŸ¥² but am I gonna fly Southwest again? Maaaaaybe ğŸ¤£
182,2022-07-07T19:30:52.000Z,1545128234299248641,RT @itsBzy: LOL hey @SouthwestAir give this man a raise ğŸ˜­ https://t.co/jFbPkukF4Y
183,2022-07-07T19:30:39.000Z,1545128176652652544,"@LanceHoyt @Delta Nope
I use @SouthwestAir https://t.co/x9pgATwlCF"
184,2022-07-07T19:30:11.000Z,1545128062974664706,"Certified #CarbonCredits available NOW for YOUR #CarbonOffset program. 

Contact us NOW at gbibuildingco@outlook.com #carbontax #Africa #EU #Asia #SouthAmerica #USA  @SouthwestAir @AdnocGroup @WeAreOxy @Halliburton RT https://t.co/5fBuhoC5m6"
185,2022-07-07T19:28:47.000Z,1545127708228812801,"@SouthwestAir Flexibility?? 
You cancel 1,000's of flights a day it's impossible to travel by air anymore.
ALLLLL of my recent flights were canceled.
You should be ashamed of this ad and remove it until full service is restored."
186,2022-07-07T19:26:38.000Z,1545127168237355011,"RT @SouthwestAir: Want some beachy summer vacay thought-starters? 

â¤ this tweet for our recommendations on favorite summer getaway destinaâ€¦"
187,2022-07-07T19:25:27.000Z,1545126868281528320,@SouthwestAir It sucks when u buy the WiFi on ur first flight then the second it doesnâ€™t work. Only thing I like is itâ€™s for 24hrs so my trip from Buffalo-Burbank and Back to Buffalo in the same day is worth it
188,2022-07-07T19:24:01.000Z,1545126507298832384,"@SouthwestAir In these unpredictable times, I thank you for giving vouchers and actually keeping my funds available from all the way back to the start of Covid."
189,2022-07-07T19:23:16.000Z,1545126321726046214,@SouthwestAir cuando van a abrir el itinerario completo de enero ? Necesito completar mis vacaciones en diciembre para ğŸ‡µğŸ‡·
190,2022-07-07T19:22:39.000Z,1545126164372500480,"@SouthwestAir Me, with TRIPLED airfares."
191,2022-07-07T19:22:14.000Z,1545126059858972673,Just another reason to love @SouthwestAir ğŸ¤£ https://t.co/Ax6qKh9jqe
192,2022-07-07T19:18:49.000Z,1545125202220109824,â€œYou could meet your future ex on this flight!â€ -@SouthwestAir flight attendant just now
193,2022-07-07T19:16:50.000Z,1545124699449049088,RT @AJPJS: @REMASCULATE @SouthwestAir I am sure this is totally unrelated. Just something to read if you are bored. https://t.co/LsvLcvQXGT
194,2022-07-07T19:15:49.000Z,1545124444263391232,@SouthwestAir Been there! Loved that! Hiked the waterfall trails and had a picnic by the ocean. â¤ï¸â¤ï¸
195,2022-07-07T19:14:00.000Z,1545123990309687300,"RT @SouthwestAir: Us when we see someone on a flight with no entertainment, just vibing: 
ğŸ‘ï¸ğŸ‘„ğŸ‘ï¸"
196,2022-07-07T19:13:52.000Z,1545123954225926144,@SouthwestAir @SouthwestAir Air Canadaâ€™s Max 8 has some of the best seats and entertainment screens. Their screens are big as iPad Pro in economy cabin. This is premium economy. Even @Delta economy class does not have this big screens. @united has none. Tons of movies and games. https://t.co/pMUm9XExUo
197,2022-07-07T19:13:13.000Z,1545123790140719107,@SouthwestAir You see me.
198,2022-07-07T19:12:41.000Z,1545123656375877632,@AmericanAir @Delta @SouthwestAir @UnitedAirlines_ https://t.co/L5jkrgYbJI
199,2022-07-07T19:12:40.000Z,1545123651284238336,"RT @SouthwestAir: @KingArthur_11 Cliffs and caverns to explore, valleys, rivers, and more. Anything you choose to do in this dream spot wilâ€¦"
200,2022-07-07T19:11:55.000Z,1545123464880594945,"@SouthwestAir your flight crews are amazing, but gate agents in San Diegoâ€¦.wow. They do not reflect your customer service and attitude your airlines."
201,2022-07-07T19:08:48.000Z,1545122677786034178,RT @SouthwestAir: Wanna mix things up on your next hike? Our variety of heart-pumping destinations are nothing less than epic. Give us a loâ€¦
202,2022-07-07T19:08:38.000Z,1545122639638831104,"RT @SouthwestAir: Us when we see someone on a flight with no entertainment, just vibing: 
ğŸ‘ï¸ğŸ‘„ğŸ‘ï¸"
203,2022-07-07T19:08:16.000Z,1545122544780357632,"RT @SouthwestAir: Us when we see someone on a flight with no entertainment, just vibing: 
ğŸ‘ï¸ğŸ‘„ğŸ‘ï¸"
204,2022-07-07T19:04:08.000Z,1545121507067699203,@SouthwestAir Too busy daydreaming about my next Southwest flight
205,2022-07-07T19:03:09.000Z,1545121257762410497,@SouthwestAir Itâ€™s called anxiety ğŸ˜…
206,2022-07-07T19:03:08.000Z,1545121251798224898,@SouthwestAir Eww dude.
207,2022-07-07T19:03:03.000Z,1545121232420569092,RT @itsBzy: LOL hey @SouthwestAir give this man a raise ğŸ˜­ https://t.co/jFbPkukF4Y
208,2022-07-07T19:02:51.000Z,1545121180507688960,"RT @SouthwestAir: Us when we see someone on a flight with no entertainment, just vibing: 
ğŸ‘ï¸ğŸ‘„ğŸ‘ï¸"
209,2022-07-07T19:02:36.000Z,1545121120688386048,"RT @SouthwestAir: Us when we see someone on a flight with no entertainment, just vibing: 
ğŸ‘ï¸ğŸ‘„ğŸ‘ï¸"
210,2022-07-07T19:02:29.000Z,1545121089054973953,"@SouthwestAir Happens often, especially when the Wi-Fi is spotty or not working"
211,2022-07-07T19:02:27.000Z,1545121079919669248,@SouthwestAir https://t.co/0qif7dfjth
212,2022-07-07T19:02:20.000Z,1545121053822881797,"RT @SouthwestAir: Us when we see someone on a flight with no entertainment, just vibing: 
ğŸ‘ï¸ğŸ‘„ğŸ‘ï¸"
213,2022-07-07T19:02:15.000Z,1545121031467065349,"@SouthwestAir The best is popping a 300mg edible, the friendly flight attendants with their much appreciated 7UP and a smooth flight..."
214,2022-07-07T19:01:29.000Z,1545120838843650048,@SouthwestAir The window is my entertainment
215,2022-07-07T19:01:23.000Z,1545120812243464192,@SouthwestAir ğŸ˜†ğŸ¥‚
216,2022-07-07T19:00:53.000Z,1545120687068626944,"RT @SouthwestAir: Us when we see someone on a flight with no entertainment, just vibing: 
ğŸ‘ï¸ğŸ‘„ğŸ‘ï¸"
217,2022-07-07T19:00:11.000Z,1545120512438837248,@SouthwestAir Can you help me remove someone from my itinerary?
218,2022-07-07T19:00:06.000Z,1545120489139568640,"RT @SouthwestAir: Us when we see someone on a flight with no entertainment, just vibing: 
ğŸ‘ï¸ğŸ‘„ğŸ‘ï¸"
219,2022-07-07T18:56:20.000Z,1545119542191345664,@SouthwestAir All of us. Missed out on that 40%
220,2022-07-07T18:56:11.000Z,1545119503859736578,RT @ENCOREABLE: Abandon! 20+ disabled and elderly passengers (2 of which were my parents) traveling via @SouthwestAir  waited for 1 1/2 houâ€¦
221,2022-07-07T18:54:44.000Z,1545119140024913921,"A wedding I was part of is no longer happening..

@united was kind enough to understand the situation &amp; refund me for my flight going there.

@SouthwestAir said no exceptions can be made, and isn't even giving me a yr to use my credit (expires 7 mo later)

No more SW in my future"
222,2022-07-07T18:46:51.000Z,1545117157264089091,"@GOD1776USA @SABizJournal Youâ€™re correct, our friends at @SouthwestAir currently operate 1 to 2 daily nonstops to @SanDiegoAirport and weâ€™re working on more nonstop options throughout Southern California as well as expanding our international reach!"
223,2022-07-07T18:44:29.000Z,1545116558258610176,@itsBzy @SouthwestAir Hello! May we please be granted access to use this video for KSDY 50? Thank you in advance! :)
224,2022-07-07T18:43:26.000Z,1545116295368024064,"@gelebki @SenseiLevels Then having sorted all that, â€œYouâ€™re free to move about the county.â€â€”@SouthwestAir"
225,2022-07-07T18:43:15.000Z,1545116248719212545,"@SouthwestAir Twice this year Southwest has stranded us for three days after canceling our flights. Blaming it on weather when in reality theyâ€™re so short staffed they canâ€™t operate flights. The ads are cute, but we will be choosing AA in the future."
226,2022-07-07T18:35:49.000Z,1545114378495737857,@SouthwestAir Putin is satan
227,2022-07-07T18:33:21.000Z,1545113759810818050,"I know I am out of practice as itâ€™s been a while since I last flew @SouthwestAir but all these flights on one carousel?! I hope theyâ€™re all running on time. On a positive note, our flight was early! âœˆï¸ #winning https://t.co/we9c0eJQwY"
228,2022-07-07T18:30:01.000Z,1545112920912269314,@SouthwestAir @AmericanAir Day 1 of tweeting you every day that you don't have Multi-factor authentication to your websites.
229,2022-07-07T18:29:27.000Z,1545112776678465542,RT @SouthwestAir: Wanna mix things up on your next hike? Our variety of heart-pumping destinations are nothing less than epic. Give us a loâ€¦
230,2022-07-07T18:28:36.000Z,1545112564215844864,RT @Delta: @lmaglaw @Kato_Kaelin @AmericanAir @instagram @SouthwestAir @united @VirginAtlantic @DanBarreiroKFAN Hi! This is Roxanne in theâ€¦
231,2022-07-07T18:23:55.000Z,1545111383427145729,@itsBzy @SouthwestAir I need to be on THAT flight ğŸ˜‚
232,2022-07-07T18:23:33.000Z,1545111292729597952,@MSFRUGALGAL @SouthwestAir And of course the Ukrainian flag in your profile
233,2022-07-07T18:22:40.000Z,1545111069718417409,RT @itsBzy: LOL hey @SouthwestAir give this man a raise ğŸ˜­ https://t.co/jFbPkukF4Y
234,2022-07-07T18:22:18.000Z,1545110975703040006,"RT @hindamitchell: We just landed at @columbusairport and as we taxied, this @SouthwestAir flight departed. 

#aviation #AvGeek #avgeeks #câ€¦"
235,2022-07-07T18:18:23.000Z,1545109992335884290,"We just landed at @columbusairport and as we taxied, this @SouthwestAir flight departed. 

#aviation #AvGeek #avgeeks #cirrus #wingtip @jculwellrealtor https://t.co/DpkGqUMHva"
236,2022-07-07T18:17:30.000Z,1545109770717339651,RT @SouthwestAir: Wanna mix things up on your next hike? Our variety of heart-pumping destinations are nothing less than epic. Give us a loâ€¦
237,2022-07-07T18:13:13.000Z,1545108693074812928,"RT @wcsportscamp: And just when I thought I was the lucky one, @SouthwestAir officially broke my power chairâ€¦ joystick snapped all the wayâ€¦"
238,2022-07-07T18:12:06.000Z,1545108409459978240,"Huge disappointment and frustration with @SouthwestAir . They canâ€™t fix their own tech issue. Multiple calls. Supervisor call just ended abruptly. Please Help!

#SouthwestAirlines #poorservice #nocustomerservice #Icantgetaway"
239,2022-07-07T18:11:33.000Z,1545108271576522754,"@SouthwestAir Good Afternoon, Iâ€™m a teacher in VA and I have started an Amazon #clearthelist for the upcoming school year. Could you please take a look at my list? https://t.co/UhTZMQkq7g #teacher #twitterteacher"
240,2022-07-07T18:09:41.000Z,1545107803890671621,Lucky me A16 today on @SouthwestAir https://t.co/j9em1XCTHS
241,2022-07-07T18:08:52.000Z,1545107598696861696,"RT @DavonCMelbourne: Next stopâ€¦.@FBUcamp Top Gun!  

#theworkWORKS 
#blametheoffseason 
#WhyIGrind
#FBU
#SoliderSports
#TopGun22 

@PlayBooâ€¦"
242,2022-07-07T18:03:02.000Z,1545106129289625601,@SouthwestAir 3W3y8e
243,2022-07-07T17:59:49.000Z,1545105320112001024,"@AJKayWriter @kristenmag @AmericanAir @SouthwestAir You can get the gate passes, my situation is the only direct flight is American - so I wouldn't need unaccompanied minor on American, but I HAVE to purchase it. 

On Southwest it's optional, but there are no direct flights, so I'd need it on Southwest, but I can't have it."
244,2022-07-07T17:57:09.000Z,1545104646452064256,"@kristenmag @txsalth2o @AmericanAir @SouthwestAir Right, so it depends on the needs.  My kids didnâ€™t need anyone to attend to them while on the plane â€” just someone to navigate the airport with them, to and from the gate."
245,2022-07-07T17:56:33.000Z,1545104499026657280,"RT @SouthwestAir: Want some beachy summer vacay thought-starters? 

â¤ this tweet for our recommendations on favorite summer getaway destinaâ€¦"
246,2022-07-07T17:52:32.000Z,1545103485074563075,RT @AJPJS: @REMASCULATE @SouthwestAir I am sure this is totally unrelated. Just something to read if you are bored. https://t.co/LsvLcvQXGT
247,2022-07-07T17:47:56.000Z,1545102329384382464,Only 14 days left until I book @SouthwestAir for my 24th birthday. Cannot wait to book again.
248,2022-07-07T17:45:01.000Z,1545101594525564928,"@lmaglaw @Kato_Kaelin @AmericanAir @instagram @SouthwestAir @united @VirginAtlantic @DanBarreiroKFAN Hi! This is Roxanne in the Delta Baggage Service Center.I do apologize for the delay in responding. Can you please DM us using this link ?

https://t.co/6iDGBJAc2m"
249,2022-07-07T17:43:19.000Z,1545101165364359170,Hi @SouthwestAir - the newest version of your iOS app crashes on login. ğŸ™„
250,2022-07-07T17:36:18.000Z,1545099402964045825,I HATE @SouthwestAir I HATE @SouthwestAir I HATE @SouthwestAir I HATE @SouthwestAir I HATE @SouthwestAir WORST #AIRLINE ever
251,2022-07-07T17:35:56.000Z,1545099310852890624,@SouthwestAir https://t.co/89nLic9xIh
252,2022-07-07T17:35:17.000Z,1545099146574569472,@SouthwestAir https://t.co/89nLic9xIh
253,2022-07-07T17:34:54.000Z,1545099050126811136,@SouthwestAir @AmericanAir https://t.co/89nLica5xP
254,2022-07-07T17:34:29.000Z,1545098942140096515,@SouthwestAir https://t.co/89nLic9xIh
255,2022-07-07T17:34:20.000Z,1545098905976725510,@SouthwestAir https://t.co/89nLic9xIh
256,2022-07-07T17:34:01.000Z,1545098827698421761,@SouthwestAir https://t.co/89nLic9xIh
257,2022-07-07T17:33:46.000Z,1545098765375193088,"RT @SouthwestAir: Want some beachy summer vacay thought-starters? 

â¤ this tweet for our recommendations on favorite summer getaway destinaâ€¦"
258,2022-07-07T17:33:20.000Z,1545098656604246018,"Connection flight from Denver to Caboâ€¦ had a marriage proposal mid-flight!

Definitely a @SouthwestAir trip to remember! https://t.co/Q89MfsRTVw"
259,2022-07-07T17:33:19.000Z,1545098652586221568,@SouthwestAir https://t.co/89nLic9xIh
260,2022-07-07T17:33:07.000Z,1545098601256321025,@SouthwestAir https://t.co/89nLic9xIh
261,2022-07-07T17:32:58.000Z,1545098560739414018,@SouthwestAir https://t.co/89nLic9xIh
262,2022-07-07T17:32:47.000Z,1545098518091661312,@SouthwestAir https://t.co/89nLic9xIh
263,2022-07-07T17:32:34.000Z,1545098460919128064,@SouthwestAir https://t.co/89nLic9xIh
264,2022-07-07T17:30:30.000Z,1545097940124913666,@SouthwestAir https://t.co/4Bp58LOqNl
265,2022-07-07T17:30:00.000Z,1545097816896245760,@SouthwestAir Hi Southwest! One of your employees not only tried to break into my luggage but damaged it. Baggage claim is trying to convince me that I turned it in this way. This is a newly bought piece of luggage that has only been used 3 times. https://t.co/g8pohNgo9L
266,2022-07-07T17:28:28.000Z,1545097430038941696,@SouthwestAir thanks for making it easy to fly.
267,2022-07-07T17:22:37.000Z,1545095956932214785,@SouthwestAir is awful recently. Two flights ago: delayed 7 hours. Flight here to Tampa: delayed 2 hours. Flight today back to Chicago: delayed 4 hoursâ€¦as of now. Absolutely ridiculous ğŸ˜¡
268,2022-07-07T17:22:21.000Z,1545095889378738179,This is why I was trying SO hard to get here last night man ğŸ˜’ I hate @SouthwestAir SO MUCH!
269,2022-07-07T17:21:15.000Z,1545095612097601536,Genuinely donâ€™t think Iâ€™ve ever taken a flight through @SouthwestAir or @AmericanAir that hasnâ€™t had problems. Literally never.
270,2022-07-07T17:11:41.000Z,1545093205493829633,Hi @SouthwestAir when will you be able to book air travel beyond December on your website?
271,2022-07-07T17:07:10.000Z,1545092070804709377,@Meghwin0209 Hey @SouthwestAir any comment on this?
272,2022-07-07T17:00:53.000Z,1545090489359208449,"RT @SouthwestAir: @IdaLoveNursing Get as wild or as laid-back as you want. Between the beach activities, history, and nature available to yâ€¦"
273,2022-07-07T16:56:23.000Z,1545089354737111046,Wish I was uh pilot right nowâ€¦ @AmericanAir @Delta @united @SouthwestAir @emirates
274,2022-07-07T16:53:59.000Z,1545088753320218625,Sooo tired of getting the fuckinggg run around with @SouthwestAir ğŸ˜’
275,2022-07-07T16:53:12.000Z,1545088553998319619,she works for @SouthwestAir ğŸ›© ğŸ¤«
276,2022-07-07T16:50:30.000Z,1545087873711386625,"@MitchMossRadio @paulyhoward @VSiNLive I know what the #FTMArmy thoughts are on bare feet in public &amp; I 100% agree with it.
Because of that on a recent @SouthwestAir flight I did this. Are socks OK? Does the fact I was in Row 1 with a wall in front of me change things in any way? https://t.co/ksQqUedX8k"
277,2022-07-07T16:47:12.000Z,1545087044023488512,"Dear @SouthwestAir thank you for showing my kid the Lâ™¥ï¸V. Your pilot made his day - actually, probably his whole year."
278,2022-07-07T16:44:45.000Z,1545086427750342657,RT @SouthwestAir: Happy Independence Day! ğŸ† ğŸ‡ #FreedomOne https://t.co/HrGe7clr8Z
279,2022-07-07T16:42:16.000Z,1545085803415719937,Flight legit landed a hour early . @SouthwestAir appreciate such a smooth flight https://t.co/R8nWgbJlYZ
280,2022-07-07T16:41:39.000Z,1545085648591372291,@SouthwestAir Iâ€™m very disappointed that I sat on the runway over an hour after a delay of an hour making me miss my connect. I was then booked on a next day flight and only given the option of staying in airport o/n or paying the â€œ corp rateâ€ of 198 at a Hampt inn.  Do better!!
281,2022-07-07T16:39:07.000Z,1545085010742390784,"@txsalth2o @AmericanAir @SouthwestAir I used to fly alone to Greece from Oregon each summer to visit family starting at 11. I was accustomed to airports and never thought twice about it, never had an escort. And I always had to sit in the cheap seats, aka the smoking section. 
It does seem crazy today."
282,2022-07-07T16:37:41.000Z,1545084651408089089,@SouthwestAir Hello @SouthwestAir still need this fixed
283,2022-07-07T16:37:09.000Z,1545084514119999489,"@SouthwestAir Whoever was in charge of boarding flight 284 from Reno to San Diego needs fired. I hate making a complaint, but this guy should not be representing southwest. He put his hands on an old woman and refused to board active duty military. Cmon."
284,2022-07-07T16:32:22.000Z,1545083311105662977,@SignalsPrice @SouthwestAir Plan on it. Some might even be mistakenly thrown into my checked bag on the way back ğŸ‘€
285,2022-07-07T16:32:16.000Z,1545083285008777217,"RT @SouthwestAir: Want some beachy summer vacay thought-starters? 

â¤ this tweet for our recommendations on favorite summer getaway destinaâ€¦"
286,2022-07-07T16:30:02.000Z,1545082725941534722,Where am i? @SouthwestAir https://t.co/1iAfQgwEGq
287,2022-07-07T16:29:15.000Z,1545082526858743809,@SpydrNS @SouthwestAir safe trip my guy.. get some fire out there at the dispensary lol
288,2022-07-07T16:27:02.000Z,1545081971159642112,@txsalth2o @CatCorn18364893 @AmericanAir @SouthwestAir boo that sucks
289,2022-07-07T16:26:48.000Z,1545081910174556161,"@thsuburbanmommy @CatCorn18364893 @AmericanAir @SouthwestAir It would be fine on SWA if they had direct flights where we need to go, but they don't."
290,2022-07-07T16:26:35.000Z,1545081858328875009,Got a flight to Denver in a couple hours. Make sure the pilots are ready and there's no delays ok? @SouthwestAir https://t.co/OTyItvO7Ij
291,2022-07-07T16:24:08.000Z,1545081240033718274,"@CatCorn18364893 @txsalth2o @AmericanAir @SouthwestAir We just did this for my niece. It was fine but sheâ€™s been traveling unaccompanied for a few years now so it wasnâ€™t a big deal for her, and she has her own phone in case of emergency etc."
292,2022-07-07T16:23:19.000Z,1545081034248572929,@txsalth2o @AmericanAir @SouthwestAir We just flew my niece out from Hawaii in Southwest. Sheâ€™s 12. We didnâ€™t pay for the unaccompanied minor service but my sister/husband still were able to walk to to and from her gate . It was fine.
293,2022-07-07T16:14:04.000Z,1545078704677715975,"@txsalth2o @CatCorn18364893 @AmericanAir @SouthwestAir Ugh. Sorry about that. Last year I was able to find a SW direct with a stopover that no longer exists. My son is older, and this year we didnâ€™t even leave car. We chose Spirit for nonstop. Granted, we did fly as a family last month. It was horrible, but he was somewhat prepared."
294,2022-07-07T16:13:55.000Z,1545078667856035841,"RT @REMASCULATE: The Denver airport is a mess.  Delays, luggage delays.   Almost an hour wait after landing to pull up to a gate?   Whatâ€™sâ€¦"
295,2022-07-07T16:11:59.000Z,1545078182226845696,"been sitting on a plane for over an hour w/ no movement, no AC &amp; a weird lady making moaning sounds at the front of the plane ğŸ¤© @SouthwestAir do better."
296,2022-07-07T16:07:52.000Z,1545077146992971776,@OhhhChelle @SouthwestAir Thatâ€™s basically 1 Bag if you gifted
297,2022-07-07T16:07:16.000Z,1545076996677537796,"@WhiteHarwood @CatCorn18364893 @AmericanAir @SouthwestAir Only a solution if the flight is direct. 
Sadly where we live Southwest has few direct flights. Weâ€™re companion pass holders too- Southwest is always our first choice."
298,2022-07-07T16:05:59.000Z,1545076674194186241,@simonhi54058807 @AmericanAir @SouthwestAir Itâ€™s hardly a nanny.
299,2022-07-07T16:03:50.000Z,1545076130318897152,RT @TheRoccie: @SouthwestAir-so just put my minor daughter and her minor friend on the plane in STL headed to VA this AM-we encountered whaâ€¦
300,2022-07-07T16:02:00.000Z,1545075669071192065,Another amazing and seamless flight with @SouthwestAir âœˆï¸âœˆï¸ https://t.co/YzHqqfw0My
301,2022-07-07T16:01:54.000Z,1545075646405021696,Every airline should board like @SouthwestAir so efficient!!! #southwestairlines #learnsomething
302,2022-07-07T16:01:50.000Z,1545075628537528326,"@SouthwestAir #Flight2868 

Just a thought guys, maybe figure out your â€œpaperwork issueâ€ before you board a flight full of people and have them sit on the tarmac for an hour with no AC. I donâ€™t know, just water cooler talk."
303,2022-07-07T16:00:32.000Z,1545075301453275136,@_Viito @SouthwestAir Itâ€™s TWO free checked bags up to 50lbs each. Know your rights! ğŸ˜‚ğŸ˜‚ğŸ˜‚
304,2022-07-07T15:55:56.000Z,1545074145070833665,"RT @REMASCULATE: The Denver airport is a mess.  Delays, luggage delays.   Almost an hour wait after landing to pull up to a gate?   Whatâ€™sâ€¦"
305,2022-07-07T15:55:47.000Z,1545074107510935552,"RT @LivePDDave1: @REMASCULATE @SouthwestAir DIA is cursed. Just look at the Demon Horse outside the entrance, with the glaring red eyes. Anâ€¦"
306,2022-07-07T15:55:06.000Z,1545073932281077761,I keep this camera bag on my belt. @SouthwestAir made me put it under my seat. Shoot me in the face. https://t.co/RoLPiDyRli
307,2022-07-07T15:54:54.000Z,1545073883258036226,"RT @SouthwestAir: Want some beachy summer vacay thought-starters? 

â¤ this tweet for our recommendations on favorite summer getaway destinaâ€¦"
308,2022-07-07T15:54:33.000Z,1545073793642729474,..@SouthwestAir really gives you that first free checcâ€™d bag â€¦I just  want them to know I appreciate that â€¦.
309,2022-07-07T15:53:51.000Z,1545073617955962884,Just witnessed 3 complete strangers sitting next to each other on my @SouthwestAir flight become best friends and all order Jack and cokes together. Am I jealous? Fuck yeah I am! My row boring af!
310,2022-07-07T15:51:22.000Z,1545072994078363649,RT @SouthwestAir: RT if you know anyone who wants flexibility on their next flight! ğŸ™‹â€â™€ï¸ ğŸ™‹ ğŸ™‹â€â™‚ï¸
311,2022-07-07T15:47:13.000Z,1545071947675062280,"First tweet in a while: thought from this morning, on @SouthwestAir why do people who are in A group choose the inside seat 3-10 rows in. Iâ€™m not mad, just asking!"
312,2022-07-07T15:44:41.000Z,1545071311025684480,"RT @REMASCULATE: The Denver airport is a mess.  Delays, luggage delays.   Almost an hour wait after landing to pull up to a gate?   Whatâ€™sâ€¦"
313,2022-07-07T15:42:29.000Z,1545070758388449291,"@SouthwestAir, we will never forget. https://t.co/7sXK7fjUrb"
314,2022-07-07T15:37:12.000Z,1545069427607175171,Iâ€™ve been a @SouthwestAir rapids rewards member since 2002 and have never received a drink coupon why did no one tell me you have to opt in for that ğŸ¥¹
315,2022-07-07T15:35:54.000Z,1545069102389133317,@SouthwestAir once again very disappointed with yâ€™all. I use southwest vaca every year to book our fam vaca  Had a $385 credit that I just went to use and canâ€™t because I had to use it by the booking date June &amp; not the travel date which in normally the end of Aug beginning Sept.
316,2022-07-07T15:34:46.000Z,1545068816463454208,@SouthwestAir https://t.co/tleBg5lqRs
317,2022-07-07T15:32:43.000Z,1545068302577422337,"RT @REMASCULATE: The Denver airport is a mess.  Delays, luggage delays.   Almost an hour wait after landing to pull up to a gate?   Whatâ€™sâ€¦"
318,2022-07-07T15:30:19.000Z,1545067696483696640,"RT @SouthwestAir: Want some beachy summer vacay thought-starters? 

â¤ this tweet for our recommendations on favorite summer getaway destinaâ€¦"
319,2022-07-07T15:29:18.000Z,1545067439007956993,"@SouthwestAir I bought an Anytime fare ticket, so my ticket price was more than others, $588 to be exact. I guess the main factor of consideration is that some customers are more valued then others."
320,2022-07-07T15:29:11.000Z,1545067412927795200,RT @SouthwestAir: Wanna mix things up on your next hike? Our variety of heart-pumping destinations are nothing less than epic. Give us a loâ€¦
321,2022-07-07T15:28:56.000Z,1545067348758999042,"@SouthwestAir Is there a way to get a message announced on a flight? It's my nephew's parents' wedding anniversary today and they're spending it flying with their tot

I know what flight they're on if it helps"
322,2022-07-07T15:25:51.000Z,1545066573257474048,@BraydenCreation @SouthwestAir https://t.co/8A8YNECEdI
323,2022-07-07T15:24:56.000Z,1545066340746072066,@txsalth2o @AmericanAir @SouthwestAir Why would it got my extra. Thatâ€™s so stupid
324,2022-07-07T15:20:49.000Z,1545065305319284738,@CatCorn18364893 @txsalth2o @AmericanAir @SouthwestAir @SouthwestAir will provide escort pass for an adult to attend a â€œyoung travelersâ€ through security and to gate. https://t.co/tHQ51Cq4WY
325,2022-07-07T15:20:49.000Z,1545065304702812162,This happened to me with @SouthwestAir like four years ago. They dragged my leather bag that was a gift across the Texas tarmac. Since I didn't know the suitcase model they pricepointed the cheapest closest thing they could find and gave me a check I could hardly cash anywhere. https://t.co/pjPF9m12vh
326,2022-07-07T15:16:29.000Z,1545064214150393856,@TWU556 @swapapilots @SouthwestAir Check this &gt;&gt; https://t.co/r6AlSXvTcL
327,2022-07-07T15:15:36.000Z,1545063991067688962,@SouthwestAir pretty crappy that im with my pregnant wife and we are in Aruba airport and at check in and southwest lady says just wait here for 30 mins and then leaves. Literally no one else here but us. ğŸ¤”
328,2022-07-07T15:11:11.000Z,1545062882773196803,@Jeff_Piotrowski @SouthwestAir This is on the southwest app?
329,2022-07-07T15:10:54.000Z,1545062811361050624,"RT @txsalth2o: It costs an additional $150 to send an unaccompanied minor on @AmericanAir EACH WAY. 

No, it does not come with a steak dinâ€¦"
330,2022-07-07T15:09:19.000Z,1545062410951835648,"Is #microsoftproject compatible with #sharepoint? Great question right?
@ATT @gisdnews @kroger @KrogerNews @SouthwestAir @DICKS @Walmart @CityOfDallas
@TweetRichardson @cityofplanotx @BankofAmerica @KGETnews @KGEFCU @ChironUsa 
https://t.co/KrjjRQ6UD7 https://t.co/l7aEjETGQa"
331,2022-07-07T15:08:20.000Z,1545062165727522819,"RT @PublicWise: When it comes to corporations funding insurrectionists, the list is long. ğŸ§¾
@LockheedMartin,@UPS, @comcast, @northropgrummaâ€¦"
332,2022-07-07T15:03:30.000Z,1545060947944820738,"@txsalth2o @AmericanAir @SouthwestAir Wow, Alaska charged $50 each way in February 2020. And yes we let our kids fly alone on the brink of a global pandemic. Donâ€™t judge. ğŸ˜‚"
333,2022-07-07T15:01:08.000Z,1545060351934447616,@JoanCBee @frmad2u @united @SouthwestAir Were u able to board?
334,2022-07-07T15:00:35.000Z,1545060212448452609,"â€œI get a lot of â€˜How do you feel about all this?â€™ questions. I usually say Iâ€™m 80% excited and about 20% terrified.â€ â€” Robert Jordan, CEO of @SouthwestAir speaking at #SGF last year on taking on his then-incoming new role. See whoâ€™s joining us this year: https://t.co/0Uu0EcKOrC https://t.co/xHBGdsViV7"
335,2022-07-07T15:00:22.000Z,1545060159176597504,@SouthwestAir Just received notice of ANOTHER future flight change. You ever consider that customers arrange transportation to and from airports based on the original flights ? Time to start giving customers credits for changed flights â€¦.
336,2022-07-07T14:59:45.000Z,1545060003907637251,"@AJKayWriter @txsalth2o @AmericanAir @SouthwestAir You can still get an escort pass at SeaTac, probably depends on the airport. But that wonâ€™t replace the $150 unaccompanied minor service"
337,2022-07-07T14:57:08.000Z,1545059345649389578,Hi @AmericanAir @Delta @JetBlue @united @VirginAtlantic @SouthwestAir what are your policies on donating miles to abortion access funds? When will you be adding an abortion access fund to your list of donor charities? #AbortionIsHealthcare
338,2022-07-07T14:56:11.000Z,1545059108251766788,@txsalth2o @AmericanAir @SouthwestAir Unless you absolutely have to. My advice is not to.
339,2022-07-07T14:51:53.000Z,1545058024452042753,@SouthwestAir and yes I reached out to your customer service.  Theyâ€™re response was basically be happy with your $250 and keep it moving.
340,2022-07-07T14:51:28.000Z,1545057920127119360,Probably been said before but @ChickfilA &amp; @SouthwestAir compete for best customer service and employee attitude of any companies!  Probably should let them take over the US Govt. Would run more efficiently &amp; w/a better attitude. Probably would have a surplus too!
341,2022-07-07T14:50:39.000Z,1545057713771556867,"@SouthwestAir I guess all customers arenâ€™t equal.  Iâ€™m curious as to why some passengers (solo travelers) like myself were given $800 vouchers and I was only given $250. My flight was canceled, I had to stay an extra day and left to find a taxi in the middle of the night."
342,2022-07-07T14:50:23.000Z,1545057647145017351,RT @hankrsmith: I think Iâ€™ve found @SouthwestAirâ€™s Employee of the Year! Valerie in Cleveland took hours of her time to systematically reroâ€¦
343,2022-07-07T14:50:14.000Z,1545057610742652931,@txsalth2o @AmericanAir @SouthwestAir Seems a fair price to pay for essentially a nanny service.  Thereâ€™s a lot of extra work involved transporting unaccompanied.
344,2022-07-07T14:48:39.000Z,1545057209058373635,@txsalth2o @AmericanAir @SouthwestAir Pre-Covid you could get a pass to accompany them through security to the gate. Same for whomever is meeting them at the destination.  Idk if thatâ€™s still an option but may be worth looking into.
345,2022-07-07T14:48:03.000Z,1545057061708255233,@lcmsgathering @SouthwestAir Thank you!
346,2022-07-07T14:47:55.000Z,1545057028393279489,"@hinhinnnnn @SouthwestAir Customer Helpline Number 9339086676
Available 24 Hour"
347,2022-07-07T14:44:59.000Z,1545056288119238657,@LyssTrahan @SouthwestAir Ha ha  know the feeling ğŸ™ƒ
348,2022-07-07T14:44:58.000Z,1545056284646391808,@NewThing_Live @SouthwestAir Safe travels! Can't wait to have y'all here in Houston with us!
349,2022-07-07T14:43:16.000Z,1545055856605007874,"@txsalth2o @AmericanAir @SouthwestAir SWA does,but only for kids age 5-11. 

12+ just fly alone on SWA. I did see them allow a mother and younger daughter walk her 12+ daughter right up to the boarding door though.  Not sure how that works with TSA."
350,2022-07-07T14:42:57.000Z,1545055776279912451,"@txsalth2o @AmericanAir @SouthwestAir If they were illegal, it would have been free"
351,2022-07-07T14:42:27.000Z,1545055651058962432,"@SouthwestAir Travel issues caused by cancelled flights last month incurred additional costs to me. I was charged $802 by southwest. I entered a grievance on your website to dispute these charges. Instead of crediting back my $802, I got a $150 voucher. Where is my other $652?"
352,2022-07-07T14:42:22.000Z,1545055628799852547,RT @tracikroberts: Thank u 2 the amazing people who made this happen! These 2 r now w their forever families living their best life n New Eâ€¦
353,2022-07-07T14:41:47.000Z,1545055483945332740,@bluffthehusky @SouthwestAir https://t.co/qQnTfEtkBP
354,2022-07-07T14:41:28.000Z,1545055403284713475,"RT @REMASCULATE: The Denver airport is a mess.  Delays, luggage delays.   Almost an hour wait after landing to pull up to a gate?   Whatâ€™sâ€¦"
355,2022-07-07T14:41:23.000Z,1545055382199881735,"@antgrasso and @CelerPro Thanks so much for the likes @WonderLaura here is an article you might like. 
@asokan_telecom @ATT @jpmorgan @ChironUsa
@gisdnews @cityofplanotx @kroger @Target @Walmart @SouthwestAir @DICKS @CityOfDallas @FortWorthISD
https://t.co/P2rEjVy6MO"
356,2022-07-07T14:40:32.000Z,1545055169586401281,@Jeff_Piotrowski @SouthwestAir That's cool!
357,2022-07-07T14:39:45.000Z,1545054971170676740,RT @tracikroberts: Thank u 2 the amazing people who made this happen! These 2 r now w their forever families living their best life n New Eâ€¦
358,2022-07-07T14:39:38.000Z,1545054940355104769,@txsalth2o @AmericanAir @SouthwestAir Might as well go with them ğŸ˜‚
359,2022-07-07T14:39:04.000Z,1545054799262916608,"RT @SouthwestAir: @lanelllawson Canâ€™t go wrong when you go Long for your summer vacay, because there are so many things to do.

â¤ this tweeâ€¦"
360,2022-07-07T14:38:29.000Z,1545054650780422146,@txsalth2o @AmericanAir @SouthwestAir I donâ€™t have kids but in this day and age with these shit show airports I would be mortified to send my under age 11 kid to fly alone.
361,2022-07-07T14:38:29.000Z,1545054650587443202,RT @SouthwestAir: RT if you know anyone who wants flexibility on their next flight! ğŸ™‹â€â™€ï¸ ğŸ™‹ ğŸ™‹â€â™‚ï¸
362,2022-07-07T14:36:04.000Z,1545054045399683072,RT @SouthwestAir: RT if you know anyone who wants flexibility on their next flight! ğŸ™‹â€â™€ï¸ ğŸ™‹ ğŸ™‹â€â™‚ï¸
363,2022-07-07T14:34:45.000Z,1545053711084318723,"They said it was impossible. The doubters never win. The people that trust the system win. Thatâ€™s rightâ€¦

Got an exit row seat for my 6â€™5 self on @SouthwestAir from the B group. 

LETS GOOOOOO!"
364,2022-07-07T14:33:58.000Z,1545053515248123906,@txsalth2o @AmericanAir @SouthwestAir Have you considered cargo
365,2022-07-07T14:32:13.000Z,1545053074175078406,"RT @txsalth2o: It costs an additional $150 to send an unaccompanied minor on @AmericanAir EACH WAY. 

No, it does not come with a steak dinâ€¦"
366,2022-07-07T14:31:24.000Z,1545052868121530372,"It costs an additional $150 to send an unaccompanied minor on @AmericanAir EACH WAY. 

No, it does not come with a steak dinner. 

Sadly @SouthwestAir doesn't provide the unaccompanied minor service for kids older than 11."
367,2022-07-07T14:25:51.000Z,1545051473238667265,RT @itsBzy: LOL hey @SouthwestAir give this man a raise ğŸ˜­ https://t.co/jFbPkukF4Y
368,2022-07-07T14:23:41.000Z,1545050929136672769,Thank u 2 the amazing people who made this happen! These 2 r now w their forever families living their best life n New England! @TNProverbs1210 @SouthwestAir #newengland #adoptdontshop #foreverfamily #volunteersmakeadifference #proverbs1210animalrescue â¤ï¸ğŸ¾â¤ï¸ğŸ¾â¤ï¸ https://t.co/fhCMJQoquQ
369,2022-07-07T14:21:21.000Z,1545050338855596033,"I always love when this happens. The planes taxi by and the pilot takes a second to smile and wave to the
camera. Just awesome! âœˆï¸ğŸ“¸ #avgeek #aviation @SouthwestAir https://t.co/PNqPNzWSzF"
370,2022-07-07T14:20:43.000Z,1545050182126931972,RT @1_800jennycraig: @kiranroshanali Taking an @SouthwestAir flight is like a â€œchoose your own adventureâ€ to sit with the cutest boy on theâ€¦
371,2022-07-07T14:20:32.000Z,1545050134454493189,@1_800jennycraig @SouthwestAir Either wayâ€¦. W
372,2022-07-07T14:20:29.000Z,1545050124371382272,@Jeff_Piotrowski @SouthwestAir Noticed the change last week too! A much needed improvement.
373,2022-07-07T14:19:50.000Z,1545049960957128710,RT @Jeff_Piotrowski: The new 3D mapping with real-time cockpit and window views on the SWA 737-800 is awesome. @SouthwestAir https://t.co/Lâ€¦
374,2022-07-07T14:12:50.000Z,1545048198045061120,@SouthwestAir https://t.co/DPTbwbfql5
375,2022-07-07T14:12:16.000Z,1545048056415956996,"RT @SouthwestAir: Wanna change your point of viewâ€”mix things up? Hop on one of our hiking trails and take a walk on the wild side. 

â¤ thisâ€¦"
376,2022-07-07T14:11:19.000Z,1545047815696502785,RT @Jeff_Piotrowski: The new 3D mapping with real-time cockpit and window views on the SWA 737-800 is awesome. @SouthwestAir https://t.co/Lâ€¦
377,2022-07-07T14:09:10.000Z,1545047273028980736,RT @Jeff_Piotrowski: The new 3D mapping with real-time cockpit and window views on the SWA 737-800 is awesome. @SouthwestAir https://t.co/Lâ€¦
378,2022-07-07T14:08:57.000Z,1545047221334208514,Our member airlines give back globally and domestically! @SouthwestAir partnered with @CATIEOfficial to support Costa Rican women and their families. #AirlinesGiveBack https://t.co/Gn3sC14yJ1
379,2022-07-07T14:07:49.000Z,1545046934984962054,@SouthwestAir @SouthwestAir  see reply above and respond asap please
380,2022-07-07T14:06:03.000Z,1545046491558858752,"@MrRobSanchez @SouthwestAir @AmericanAir Thatâ€™s wonderful Rob, now do something about that maniac KKKuhner.  That animal is tearing the country apart with his lies.  Why couldnâ€™t Covid have killed that racist piece of shit?!?"
381,2022-07-07T14:05:46.000Z,1545046420243197952,"its 1 of the flight attendants 1st flight out of training. we cheered her on, collectively said congrats n put a smile on her face :) @SouthwestAir sheâ€™s doing amazing."
382,2022-07-07T14:04:26.000Z,1545046084619104259,The new 3D mapping with real-time cockpit and window views on the SWA 737-800 is awesome. @SouthwestAir https://t.co/LETDNJ42SN
383,2022-07-07T13:58:43.000Z,1545044643921858560,"@SouthwestAir I was charged FOUR TIMES for booking one flight!!!!  I kept getting a message on your site saying the payment didnâ€™t go through, so I retried until it went through.  Can you please help?"
384,2022-07-07T13:56:04.000Z,1545043977027538944,@SouthwestAir-so just put my minor daughter and her minor friend on the plane in STL headed to VA this AM-we encountered what most âš« folks have to-minor girls the gate keeper named BEN - would not allow to get on earlier or sit up front for visual sake. Why @SouthwestAir ?!!!
385,2022-07-07T13:55:16.000Z,1545043777483571200,@SouthwestAir do all your pilots leave the flight deck this trashy? https://t.co/q1QdttPCey
386,2022-07-07T13:53:43.000Z,1545043385572118530,@SouthwestAir my flight was delayed
387,2022-07-07T13:52:08.000Z,1545042988606410753,"Second leg, Denver to Bozeman, back on the #RobSeat !! Iâ€™m one step closer @noshoesnation !! Come on @southwestair , letâ€™s make the Rob Seat happen!! @kennychesney @noshoesradio https://t.co/egDsdLiiTo"
388,2022-07-07T13:51:44.000Z,1545042885665558532,"RT @SouthwestAir: Want some beachy summer vacay thought-starters? 

â¤ this tweet for our recommendations on favorite summer getaway destinaâ€¦"
389,2022-07-07T13:44:31.000Z,1545041072551825408,"RT @SouthwestAir: Want some beachy summer vacay thought-starters? 

â¤ this tweet for our recommendations on favorite summer getaway destinaâ€¦"
390,2022-07-07T13:44:24.000Z,1545041040264073217,"Iâ€™m so annoyed, frustrated and overall exhausted with @SouthwestAir this is by far the worst experience Iâ€™ve ever had."
391,2022-07-07T13:43:15.000Z,1545040752794750976,@SouthwestAir hook me up with a flight then ğŸ¥¹ğŸ¥¹ğŸ¥¹
392,2022-07-07T13:41:12.000Z,1545040235326750720,@SouthwestAir hello! I need to add a lapchild and stroller to my reservation please!
393,2022-07-07T13:40:08.000Z,1545039970033082368,"RT @REMASCULATE: The Denver airport is a mess.  Delays, luggage delays.   Almost an hour wait after landing to pull up to a gate?   Whatâ€™sâ€¦"
394,2022-07-07T13:39:37.000Z,1545039836041695232,@SouthwestAir-so just put my minor daughter and her minor friend on the plane in STL headed to VA this AM-we encountered what most âš« folks have to-minor girls the gate keeper would not allow to get on earlier or sit up front for visual sake. Why @SouthwestAir ?!!!
395,2022-07-07T13:39:23.000Z,1545039780156776454,"@BigweatherABC11 @SouthwestAir Letâ€™s add Roofers, Asphalt road workers, fence installers, and Landscapers.  When I see the landscapers come by I run out to give bottled waters."
396,2022-07-07T13:37:00.000Z,1545039178026680320,@SouthwestAir https://t.co/EsAAvbUBza
397,2022-07-07T13:36:19.000Z,1545039009528922113,Here's a job I hadn't thought of that has to be brutal in this heat. Thanks to all to the folks who regularly climb into the belly of the beast... @SouthwestAir https://t.co/RJnE7sd2BX
398,2022-07-07T13:34:37.000Z,1545038578467479554,"@united Been a @united person for ever but @SouthwestAir from Denver to Bay Area is unbeatable. Had to book 12 seats last week on a 12-hour notice and their customer service was awesome, no baggage charges too."
399,2022-07-07T13:25:29.000Z,1545036279301152772,@SouthwestAir Great shout out to you all this morning by @dagenmcdowell on @FoxBusiness about the wonderful &amp; funny flight attendant on her flight over the weekend - he was terrific!â¤ï¸
400,2022-07-07T13:17:47.000Z,1545034342015148032,"Says @aviationqueen, â€œIt is *always* a good day when I can get my Cuban coffee fix at @cafeconlechetpa at @FlyTPA. And as always, thanks for the ride home to @bwi_airport @southwestair!! #travel #letsgoâ€

Find us at Gate 31 in Airside C! 

ğŸ“¸: @aviationqueen https://t.co/jQaWw2H3vp"
401,2022-07-07T13:08:19.000Z,1545031962540244992,@SouthwestAir Everyone in this ad is on strike ğŸ˜‚
402,2022-07-07T13:08:00.000Z,1545031880084492288,@ArgentMottyl @SouthwestAir Stay home dork
403,2022-07-07T13:06:42.000Z,1545031552408735745,"@TheScottWegener @SouthwestAir @AmericanAir We almost always use American as well. Used to use Continental back in the day through loyalty to my aunt (flight attendant for 40+years), but when they got bought out by United, we peaced out. Fuck United."
404,2022-07-07T13:05:22.000Z,1545031219729121280,RT @SouthwestAir: Wanna mix things up on your next hike? Our variety of heart-pumping destinations are nothing less than epic. Give us a loâ€¦
405,2022-07-07T13:03:49.000Z,1545030827020619776,RT @itsBzy: LOL hey @SouthwestAir give this man a raise ğŸ˜­ https://t.co/jFbPkukF4Y
406,2022-07-07T13:02:40.000Z,1545030537622036482,Hey @SouthwestAir this is the 4th flight in a row with no internet. WiFi works but no internet. Do better!
407,2022-07-07T13:01:09.000Z,1545030158800900096,@SouthwestAir Putin is satan
408,2022-07-07T12:57:15.000Z,1545029177132318720,RT @SouthwestAir: RT if you know anyone who wants flexibility on their next flight! ğŸ™‹â€â™€ï¸ ğŸ™‹ ğŸ™‹â€â™‚ï¸
409,2022-07-07T12:54:22.000Z,1545028448531390464,Does @SouthwestAir ever reply in messages? Seems a little counter-productive telling us to DM you only for you to ignore.
410,2022-07-07T12:53:46.000Z,1545028298526294016,"RT @SouthwestAir: Want some beachy summer vacay thought-starters? 

â¤ this tweet for our recommendations on favorite summer getaway destinaâ€¦"
411,2022-07-07T12:51:23.000Z,1545027698694803456,@SouthwestAir I did not receive a response. Please DM me with the resolution.
412,2022-07-07T12:49:34.000Z,1545027243994451969,We're hiring on my team at @SouthwestAir! Come join the #OperationalCommunication team.  Apps close 7/14.  DM me for details.#publicrelations #pr #aviation   https://t.co/NsHLhVNQBu
413,2022-07-07T12:49:34.000Z,1545027241050083329,"RT @REMASCULATE: The Denver airport is a mess.  Delays, luggage delays.   Almost an hour wait after landing to pull up to a gate?   Whatâ€™sâ€¦"
414,2022-07-07T12:47:52.000Z,1545026814241800193,"RT @REMASCULATE: The Denver airport is a mess.  Delays, luggage delays.   Almost an hour wait after landing to pull up to a gate?   Whatâ€™sâ€¦"
415,2022-07-07T12:47:21.000Z,1545026686038822913,@SouthwestAir youâ€™re on my shit list. ğŸ–•ğŸ»
416,2022-07-07T12:44:51.000Z,1545026055412469761,@SouthwestAir https://t.co/N6oYjifBrd
417,2022-07-07T12:44:27.000Z,1545025956292599808,@SouthwestAir https://t.co/5c3dpizP2a
418,2022-07-07T12:43:39.000Z,1545025753439510528,Babies first flight experience not starting out good. 2 gate changed and a delayed flight due to switching planes/ mechanical issues. Waiting on our plane to arrive and then hoped we can head out to Dallas @SouthwestAir
419,2022-07-07T12:41:30.000Z,1545025211086651392,@SouthwestAir excuse me but this is ridiculous! I am sitting on a flight right now to St. Louis and my flight has been delayed since 8am. We are sitting in the plane and they are trying to fix this but I have sat here until 7:50 and I have a connecting flight. This isnâ€™t right!
420,2022-07-07T12:40:25.000Z,1545024941220839426,@REMASCULATE @SouthwestAir How many pilots are disabled now due to forced jibjab?
421,2022-07-07T12:40:14.000Z,1545024894676647940,"Waking up at 2:30 am to catch a 5am flight can be damaging to one's sleep pattern, but catching the coastal sunrise 3000 ft in the air on @SouthwestAir #1245 is worth it. https://t.co/9ST2NTaH6z"
422,2022-07-07T12:34:09.000Z,1545023364519137282,@itsBzy @SouthwestAir Oh. Hell no.  Too far!!!
423,2022-07-07T12:31:44.000Z,1545022753337647105,"@SouthwestAir I waited nearly 30 minutes for a call back. When I answered the call, no one came on the line. Pls do better. I need help."
424,2022-07-07T12:31:26.000Z,1545022677496147968,@FOX10Phoenix I love flying @SouthwestAir because they allow their attendants to show their character.   Thank you!
425,2022-07-07T12:28:24.000Z,1545021916297175041,"If youâ€™re traveling through Airside C at Tampa International Airport on @southwestair, stop by Goody Goody at Gate 31 to enjoy a Burger P.O.X., slice of pie or grab-and-go salad before your flight! ğŸ›« https://t.co/vxavDCl86Q"
426,2022-07-07T12:28:17.000Z,1545021885217443842,"@REMASCULATE @SouthwestAir Pilots forced to jab.
So now we have a shortage of pilots...and that is the most recent problem for the airlines."
427,2022-07-07T12:26:20.000Z,1545021394383241219,RT @MrMlg777: @AmyCole21812095 @CroatanWolf @ApocalypseEspo1 @KimmoRauhaniemi @SouthwestAir @RealThunder402 @JohnnyP52134661 @BrittanyLeSheâ€¦
428,2022-07-07T12:23:44.000Z,1545020739715309569,Why did I pay @SouthwestAir more money to be first on when 50 people were already on the plane? This is why I never fly them. #SouthwestAirlines
429,2022-07-07T12:22:31.000Z,1545020435510820865,@SouthwestAir Sent you a message. Thank you
430,2022-07-07T12:22:23.000Z,1545020400886743043,"RT @REMASCULATE: The Denver airport is a mess.  Delays, luggage delays.   Almost an hour wait after landing to pull up to a gate?   Whatâ€™sâ€¦"
431,2022-07-07T12:20:29.000Z,1545019923319074816,"RT @REMASCULATE: The Denver airport is a mess.  Delays, luggage delays.   Almost an hour wait after landing to pull up to a gate?   Whatâ€™sâ€¦"
432,2022-07-07T12:19:51.000Z,1545019764984233984,@SouthwestAir @philmore_holes Can you guys answer your messages?
433,2022-07-07T12:19:37.000Z,1545019706091913217,@REMASCULATE @TimothyNMarsha1 @SouthwestAir The entire airline industry right now is a mess! What screwed it up government policies get the shot or else so pilots either retired or get fired and now thereâ€™s a shortage same things happening in the National Guard
434,2022-07-07T12:18:33.000Z,1545019437111189504,"As part of tech support I answered calls, helped sales, and did beta testing of software. Gradually moving into designing AVL systems. Getting laid off I took what I could get and spend time at a @SouthwestAir call center. People ask the craziest things. #onemomentplease"
435,2022-07-07T12:18:07.000Z,1545019329590304771,@Nightbird8 @REMASCULATE @SouthwestAir Last night they said pilots havenâ€™t arrived yet..just for me to be sitting next to them at the Bar shooting the shit drinking a pint in the same B terminal ğŸ˜‚ Baltimore to Orlando
436,2022-07-07T12:11:18.000Z,1545017612328996868,"@SouthwestAir Thank you for cancelling my flight. Thank you for giving me 3 sets of excuses and none right. Thank you for making me waste 12 hrs of my life for nothing. BWI to MCO flight 318. What happened?
Oh and your flight attendant Felicity is a real rude person"
437,2022-07-07T12:10:12.000Z,1545017333831303168,Screw you @SouthwestAir for delaying my flight 100 hours. But S/O to Alex at southwest for being able to make some changes so we donâ€™t get in too late.ğŸ¥ºâ¤ï¸ Iâ€™ll take it back if you guys give him a bonus.
438,2022-07-07T12:09:04.000Z,1545017052175507458,@REMASCULATE @SouthwestAir Pete Butt-itch-itch wants to be president next
439,2022-07-07T12:08:39.000Z,1545016946466459649,"RT @SouthwestAir: They say the apple doesn't fall far from the tree. Congrats to the father/son Pilot duo, Captain Tom and First Officer Maâ€¦"
440,2022-07-07T12:08:15.000Z,1545016845798965250,"RT @REMASCULATE: The Denver airport is a mess.  Delays, luggage delays.   Almost an hour wait after landing to pull up to a gate?   Whatâ€™sâ€¦"
441,2022-07-07T12:07:18.000Z,1545016606320885760,"RT @REMASCULATE: The Denver airport is a mess.  Delays, luggage delays.   Almost an hour wait after landing to pull up to a gate?   Whatâ€™sâ€¦"
442,2022-07-07T12:06:22.000Z,1545016369900621824,@MisMecca @SouthwestAir Same here. Still waiting.
443,2022-07-07T12:00:46.000Z,1545014959716929536,@Jojofurlong60 @REMASCULATE @SouthwestAir Not surprising.
444,2022-07-07T12:00:25.000Z,1545014874769690627,@REMASCULATE @SouthwestAir That airport is creepy. Look at the artwork itâ€™s all NWO Satanic stuff.
445,2022-07-07T11:54:11.000Z,1545013306527809537,â¦â¦@SouthwestAirâ© . Noted. Airlines Vowed Not to Overbook Flights. What It's Doing Now Is Far Worse | https://t.co/2ZH9X3zoFg https://t.co/SFuHlvYtNY
446,2022-07-07T11:53:58.000Z,1545013251385204737,@hankrsmith @SouthwestAir Valâ€¦ is a fixer.  She loves our Customers!!!
447,2022-07-07T11:53:09.000Z,1545013044761206784,"RT @REMASCULATE: The Denver airport is a mess.  Delays, luggage delays.   Almost an hour wait after landing to pull up to a gate?   Whatâ€™sâ€¦"
448,2022-07-07T11:51:12.000Z,1545012552962392067,"RT @gbibuildingco: Certified #CarbonCredits available NOW for YOUR #CarbonOffset program. 

Contact us NOW at gbibuildingco@outlook.com #caâ€¦"
449,2022-07-07T11:50:34.000Z,1545012396531531776,@hankrsmith @SouthwestAir Valerie is awesome!
450,2022-07-07T11:48:19.000Z,1545011826764791810,"@REMASCULATE @SouthwestAir A good rule of thumb is if it takes 7 hours, or less, to get to a destination, drive rather than fly."
451,2022-07-07T11:39:33.000Z,1545009624079896578,RT @SouthwestAir: Wanna mix things up on your next hike? Our variety of heart-pumping destinations are nothing less than epic. Give us a loâ€¦
452,2022-07-07T11:36:27.000Z,1545008842676715521,"RT @gaitan_valerie: @hankrsmith @SouthwestAir Hank, thank you for your patience during such a HUGE delay.  It's passengers like you and youâ€¦"
453,2022-07-07T11:35:14.000Z,1545008536031318020,@REMASCULATE @SouthwestAir They claim that pilots are new &amp; arent as trained...
454,2022-07-07T11:33:57.000Z,1545008213468266497,"RT @REMASCULATE: The Denver airport is a mess.  Delays, luggage delays.   Almost an hour wait after landing to pull up to a gate?   Whatâ€™sâ€¦"
455,2022-07-07T11:29:01.000Z,1545006970507247616,RT @joelpollak: Grand Canyon from @SouthwestAir https://t.co/Gy0NeZUtww
456,2022-07-07T11:28:39.000Z,1545006879503519745,"RT @REMASCULATE: The Denver airport is a mess.  Delays, luggage delays.   Almost an hour wait after landing to pull up to a gate?   Whatâ€™sâ€¦"
457,2022-07-07T11:28:09.000Z,1545006753477165060,"Come on @SouthwestAir The first morning flight, which people book due to tight schedules, is already 30 minutes late to board and then after everyone is boarded you take another 20 minutes on paperwork??"
458,2022-07-07T11:27:26.000Z,1545006573730160644,RT @itsBzy: LOL hey @SouthwestAir give this man a raise ğŸ˜­ https://t.co/jFbPkukF4Y
459,2022-07-07T11:18:38.000Z,1545004359976685570,"RT @REMASCULATE: The Denver airport is a mess.  Delays, luggage delays.   Almost an hour wait after landing to pull up to a gate?   Whatâ€™sâ€¦"
460,2022-07-07T11:17:09.000Z,1545003986054438914,"RT @SouthwestAir: With Wanna Get Away Plusâ„¢, you can change your flight the same day at no extra charge. Tag somebody youâ€™d change your fliâ€¦"
461,2022-07-07T11:16:53.000Z,1545003919310454784,"RT @SouthwestAir: Wanna change your point of viewâ€”mix things up? Hop on one of our hiking trails and take a walk on the wild side. 

â¤ thisâ€¦"
462,2022-07-07T11:16:44.000Z,1545003878617432066,"RT @REMASCULATE: The Denver airport is a mess.  Delays, luggage delays.   Almost an hour wait after landing to pull up to a gate?   Whatâ€™sâ€¦"
463,2022-07-07T11:14:05.000Z,1545003211806982144,@hankrsmith @SouthwestAir Yes! Val's the best in our industry âœˆï¸âœˆï¸âœˆï¸ I'm glad I get to work with her !! We LUV Valâ¤ï¸
464,2022-07-07T11:13:14.000Z,1545002999549988865,"RT @SouthwestAir: Want some beachy summer vacay thought-starters? 

â¤ this tweet for our recommendations on favorite summer getaway destinaâ€¦"
465,2022-07-07T11:12:59.000Z,1545002934894841858,"RT @REMASCULATE: The Denver airport is a mess.  Delays, luggage delays.   Almost an hour wait after landing to pull up to a gate?   Whatâ€™sâ€¦"
466,2022-07-07T11:12:50.000Z,1545002898169499651,@SouthwestAir Thanks again!
467,2022-07-07T11:12:35.000Z,1545002835670089729,@JoanCBee @united This is a shame. This happened a few weeks ago to me with @SouthwestAir the attendants were LATE! They should at least have the self help kiosk available if staff is not for early morning flights.
468,2022-07-07T11:10:05.000Z,1545002205983522818,@NewThing_Live @petercouser @SouthwestAir Safe travels to so many that I love!! â¤ï¸
469,2022-07-07T11:01:32.000Z,1545000056138469378,"RT @SouthwestAir: Wanna change your point of viewâ€”mix things up? Hop on one of our hiking trails and take a walk on the wild side. 

â¤ thisâ€¦"
470,2022-07-07T11:00:20.000Z,1544999753796157440,"RT @SouthwestAir: Want some beachy summer vacay thought-starters? 

â¤ this tweet for our recommendations on favorite summer getaway destinaâ€¦"
471,2022-07-07T10:59:15.000Z,1544999479971028992,"Marylandâ€”&gt;Texas
Thank you @SouthwestAir for the smooth check-in and boarding! #LCMSYG https://t.co/ty8dhWy53v"
472,2022-07-07T10:58:50.000Z,1544999374324768768,Hey @SouthwestAir thank you for delaying my first flight 2 hr. My connection 3hr and somehow still not getting me my bags. No food available no beverages offered and your person at baggage basically told me sorry your cruise may get screwed up.
473,2022-07-07T10:57:58.000Z,1544999158196707332,"RT @REMASCULATE: The Denver airport is a mess.  Delays, luggage delays.   Almost an hour wait after landing to pull up to a gate?   Whatâ€™sâ€¦"
474,2022-07-07T10:53:54.000Z,1544998135633682432,@SouthwestAir definitely has open seating still @AmyAndrewsFOX2
475,2022-07-07T10:52:16.000Z,1544997724168355842,"Thereâ€™s a mother-daughter duo working this flight from Omaha to Denver. 

How awesome! @SouthwestAir https://t.co/mXnnGPJvBN"
476,2022-07-07T10:51:12.000Z,1544997456236236801,"RT @REMASCULATE: The Denver airport is a mess.  Delays, luggage delays.   Almost an hour wait after landing to pull up to a gate?   Whatâ€™sâ€¦"
477,2022-07-07T10:45:57.000Z,1544996133205938177,@REMASCULATE @SouthwestAir #FJB
478,2022-07-07T10:42:17.000Z,1544995209301307393,@AshAbercrombie @SouthwestAir They gave us the chance to fly out on another flight that stopped off in Dallas. We werenâ€™t going to risk anymore layovers hahaha.
479,2022-07-07T10:35:27.000Z,1544993491813650434,Why you gotta lie @SouthwestAir?  Weâ€™re still sitting on the tarmac https://t.co/dMAl8ct8SH
480,2022-07-07T10:33:47.000Z,1544993069908594690,@REMASCULATE @SouthwestAir Saw a story a couple weeks back they are having trouble getting employees bc of drug testing and weed being legal there. They short of all ground crew employees.
481,2022-07-07T10:32:48.000Z,1544992823019200512,@SouthwestAir this is my 5th flight in a row that had been delayed. Get it together.
482,2022-07-07T10:30:01.000Z,1544992122058727427,RT @joelpollak: Grand Canyon from @SouthwestAir https://t.co/Gy0NeZUtww
483,2022-07-07T10:27:16.000Z,1544991430879301632,@SouthwestAir https://t.co/cxDu0DoEME
484,2022-07-07T10:17:58.000Z,1544989091435089920,"@this1wierdgirl @FJB2021Brandon @SouthwestAir Sucks, stay your dumbass there thereğŸ’ğŸ½â€â™‚ï¸"
485,2022-07-07T10:13:13.000Z,1544987894972047360,@SouthwestAir Iâ€™m very unhappy with Southwest! I need to speak with someone!
486,2022-07-07T10:12:58.000Z,1544987834599280640,"@SouthwestAir Changed my flights for September, huh?  Yall are starting to irritate me.  Now I've got to fix that today.  #pissedoff"
487,2022-07-07T10:10:07.000Z,1544987113782910976,"RT @REMASCULATE: The Denver airport is a mess.  Delays, luggage delays.   Almost an hour wait after landing to pull up to a gate?   Whatâ€™sâ€¦"
488,2022-07-07T10:09:57.000Z,1544987074243305472,"Back in the #RobSeat headed to see @kennychesney in Bozeman MT!! Come on @SouthwestAir , letâ€™s make the Rob Seat a thing!! @noshoesnation @noshoesradio https://t.co/ealE1QCvmQ"
489,2022-07-07T10:09:51.000Z,1544987047181647874,"Next stopâ€¦.@FBUcamp Top Gun!  

#theworkWORKS 
#blametheoffseason 
#WhyIGrind
#FBU
#SoliderSports
#TopGun22 

@PlayBookAthlete @CoachWeachter @QBHitList @quarterbackmag @SouthwestAir @Elite11 @ARQBAcademy @CoachJimMoraFB @CoachJimMoraFB @Coach_JHiII @IMGAFootball https://t.co/JoaHyr1HhZ"
490,2022-07-07T09:42:26.000Z,1544980149376000001,"RT @REMASCULATE: The Denver airport is a mess.  Delays, luggage delays.   Almost an hour wait after landing to pull up to a gate?   Whatâ€™sâ€¦"
491,2022-07-07T09:39:21.000Z,1544979374352515072,RT @SouthwestAir: Wanna mix things up on your next hike? Our variety of heart-pumping destinations are nothing less than epic. Give us a loâ€¦
492,2022-07-07T09:39:05.000Z,1544979306467803136,"RT @SouthwestAir: Want some beachy summer vacay thought-starters? 

â¤ this tweet for our recommendations on favorite summer getaway destinaâ€¦"
493,2022-07-07T09:36:23.000Z,1544978625547599873,"@REMASCULATE @SouthwestAir At this rate, the baggage handlers will be flying the planes."
494,2022-07-07T09:16:52.000Z,1544973716362248193,"I donâ€™t complain much @SouthwestAir, but I deserve some free drink tickets + for my loyalty (especially during the pandemic) and now this 5hr change to my schedule to Ohio in September. Look at my account and the number of flights. https://t.co/NSNR9oNG5L"
495,2022-07-07T09:09:23.000Z,1544971829588234244,@REMASCULATE @CRZYRedHead2018 @SouthwestAir It was a mess long before the pandemic Steve. Avoid it.
496,2022-07-07T09:01:25.000Z,1544969825348370432,"RT @REMASCULATE: The Denver airport is a mess.  Delays, luggage delays.   Almost an hour wait after landing to pull up to a gate?   Whatâ€™sâ€¦"
497,2022-07-07T09:00:52.000Z,1544969690237190144,RT @SouthwestAir: Happy Independence Day! ğŸ† ğŸ‡ #FreedomOne https://t.co/HrGe7clr8Z
498,2022-07-07T09:00:45.000Z,1544969660885397504,"RT @SouthwestAir: Oh yeah, and did we mention this all took place on Father's Day? Now that's some quality father/son bonding time! #Southwâ€¦"
499,2022-07-07T09:00:37.000Z,1544969625812643840,"RT @SouthwestAir: Not only did Monica join Tom and Matt for their flight, but she also kept with their tradition of enjoying tamales beforeâ€¦"
