,created_at,id,text,classification,score
0,2022-07-07T22:53:35.000Z,1545179248763277317,"After taking 9 trips/flights in the last 3 months, wild (in a great way) to finally be on a flight with 90% of folks wearing masks. @porterairlines ‚ù§Ô∏è",Positive,0.8507621884346008
1,2022-07-07T21:53:45.000Z,1545164189521661954,@fortymaliks @punkasauruslex @AirCanada I‚Äôm extremely glad I‚Äôm flying @porterairlines tomorrow to NYC. I‚Äôd never get there otherwise.,Positive,0.8639335632324219
2,2022-07-07T20:41:53.000Z,1545146103741517826,"RT @WalkinRobinL: @patgagnon_75 @porterairlines No problem. BB &amp; Porter was a wonderful, stress free experience. Maybe Porter planned their‚Ä¶",Positive,0.8408219218254089
3,2022-07-07T20:39:29.000Z,1545145499627540481,"@patgagnon_75 @porterairlines No problem. BB &amp; Porter was a wonderful, stress free experience. Maybe Porter planned their resumption by not over scheduling and over booking. I will avoid @TorontoPearson @AirCanada @WestJet at ALL costs. Where are the billions the Feds gave them for support?",Positive,0.4891626834869385
4,2022-07-07T20:32:57.000Z,1545143857976938502,@WalkinRobinL @porterairlines Thank you for sharing the information üòä,Positive,0.8044596314430237
5,2022-07-07T20:29:05.000Z,1545142884910907393,"@patgagnon_75 I just flew @porterairlines from Billy Bishop to Fredericton return. Flight going, a few minutes late. Return flight left a few minutes early. Would do it again in a heartbeat. They clearly have their üí©together. The delays/cancellations listed were all Air Canada or WestJet.",Negative,0.8066943287849426
6,2022-07-07T20:16:12.000Z,1545139640637825025,"As much as booking a flight on any website is frustrating and irritating, thank god @porterairlines exists and provides you with booze to help you get through the whole traveling process and gives an option that‚Äôs not Pearson Airport cause that place sucks.",Negative,0.8013848662376404
7,2022-07-07T19:22:48.000Z,1545126201097863175,"@porterairlines Rudest gate agent at Newark Gate 52. No complaints, just an observation from someone watching her wrath!",Negative,0.8223047852516174
8,2022-07-07T19:19:31.000Z,1545125375403065345,"RT @BBishopAirport: Hey Toronto! üëã Fly non-stop from #YTZ to #Fredericton daily on @porterairlines this summer! ‚úàÔ∏è

Get a taste of Atlantic‚Ä¶",Positive,0.6350573301315308
9,2022-07-07T17:45:28.000Z,1545101706974969856,"Checking in at Billy Bishop for @porterairlines flight, 3 people ahead to check in, 10 minutes through security and departing on time https://t.co/KqrY22SVRz",Neutral,0.8307696580886841
10,2022-07-07T16:31:06.000Z,1545082992867033089,"@porterairlines No, your website doesn‚Äôt work.",Negative,0.6339660882949829
11,2022-07-07T06:32:58.000Z,1544932467571920896,RT @TransportAction: @MarcoolivaHern3 @TorontoPearson @OmarAlghabra @AirCanada @WestJet @FlairAirlines @Lynx_Air @flyyxu @FlixBus_USA_CA @p‚Ä¶,Neutral,0.8163374066352844
12,2022-07-07T02:18:07.000Z,1544868333056471040,RT @TransportAction: @MarcoolivaHern3 @TorontoPearson @OmarAlghabra @AirCanada @WestJet @FlairAirlines @Lynx_Air @flyyxu @FlixBus_USA_CA @p‚Ä¶,Neutral,0.8163374066352844
13,2022-07-07T01:34:46.000Z,1544857423902654465,"RT @stefany81179545: @eDreams @eDreams contacted me via DM to ""solve"" my problem and what they told me is what they have told me these last‚Ä¶",Neutral,0.834360659122467
14,2022-07-07T00:52:22.000Z,1544846754310414336,@MarcoolivaHern3 @TorontoPearson @OmarAlghabra @AirCanada @WestJet @FlairAirlines @Lynx_Air @flyyxu @FlixBus_USA_CA @porterairlines Just take the bus or train all the way. Far better for both the environment and your stress levels.,Neutral,0.4186851382255554
15,2022-07-07T00:35:17.000Z,1544842455459192833,@porterairlines trying to check in via the website and this is all we get. What is going on? https://t.co/lNtAFhB5eV,Negative,0.6959838271141052
16,2022-07-06T23:34:55.000Z,1544827263795007495,Raise your hand if you have ever been personally victimized by @porterairlines https://t.co/rW1Ik9ZRsw,Negative,0.7578751444816589
17,2022-07-06T22:44:16.000Z,1544814517456355328,RT @stefany81179545: DAY #177 I‚Äôm still waiting for a solution.I have an email from edreams where they tells me that I had a maximum respon‚Ä¶,Neutral,0.7068585157394409
18,2022-07-06T21:23:52.000Z,1544794284058189828,"RT @TeresaRoncon: My daughter, working first job, going away for a wknd. Flight out delayed 6hrs, cancelled coming home. It happens. (Breat‚Ä¶",Negative,0.8091881275177002
19,2022-07-06T21:21:23.000Z,1544793658221907968,"My daughter, working first job, going away for a wknd. Flight out delayed 6hrs, cancelled coming home. It happens. (Breathe deeply)
But @Porterairlines please stick to what you say you‚Äôll do. https://t.co/jFy0Xy2lKS",Negative,0.8665341138839722
20,2022-07-06T20:53:36.000Z,1544786665872441351,"RT @charlottearklay: Disappointed and frustrated with @porterairlines. They cancelled my flight home from NYC, had to work next day, was to‚Ä¶",Negative,0.9259665608406067
21,2022-07-06T20:45:03.000Z,1544784512663621651,"Disappointed and frustrated with @porterairlines. They cancelled my flight home from NYC, had to work next day, was told by agent to book the extra night of hotel on them. Today my expense claim is denied. What‚Äôs going on? #porterairlines https://t.co/zmZL4o3c4e",Negative,0.9426610469818115
22,2022-07-06T17:28:41.000Z,1544735098599243776,@porterairlines Flying from Halifax to Toronto tomorrow at 5pm. How early do I need to arrive at the airport?,Neutral,0.8904827833175659
23,2022-07-06T16:24:35.000Z,1544718966517645314,@yourtime99 @porterairlines Agree 100%. We need Porter back. I fly every 7 - 10 days and I want to support local and fly through @YourSJAirport but @AirCanada is no longer a reliable option. From now on it‚Äôs @porterairlines through Fredericton.,Positive,0.42819780111312866
24,2022-07-06T16:10:02.000Z,1544715303313178624,And hopefully @porterairlines brings their flights back to Saint John again soon. https://t.co/qecBOIFSC6,Neutral,0.5518555045127869
25,2022-07-06T16:05:20.000Z,1544714119235964928,@MaiseyFinancial @AirCanada Flew @AirCanada from SJ to Tor City via Mtrl yesterday. Flight frm Mtrl to Tor City was cancelled.  Very long lines at Cust svce!  What a nightmare!!  Abandoned AC and booked @porterairlines flight instead. It was really nice. I‚Äôm flying out of Fred with Porter from now on.,Negative,0.938319981098175
26,2022-07-06T11:42:04.000Z,1544647868769787907,@MarcDufresne4 @Unicorn6610 @DonMartinCTV @AirCanada @WestJet @porterairlines @CMA_Docs @cpso_ca @MedicoLegalTO @LawSocietyLSO @pfizer @TOPublicHealth @UofTMedSoc Montreal Marc is a total tin foil hat! üòÇü§£üòÇ #RWNJ,Neutral,0.4850299060344696
27,2022-07-06T02:39:25.000Z,1544511305238941698,"@AirCanada @TorontoPearson @porterairlines @BBishopAirport I‚Äôm still holding out hope that Air Canada can get its act together after the summer, but until then, I‚Äôm strictly on team #FlyPorter",Positive,0.6026867628097534
28,2022-07-06T02:39:12.000Z,1544511249114972160,"With the current shitshow that‚Äôs @AirCanada/@TorontoPearson, the real MVP was @porterairlines/@BBishopAirport that flew me from BOS -&gt; YOW and back during one of the busiest weekends of the year with zero cancellations, zero delays, zero problems. SO GLAD I made the switch!",Positive,0.5664733648300171
29,2022-07-06T02:31:30.000Z,1544509311115837441,@BonaFideLoDuv @porterairlines had good passengers even though they are pandering with the current rainbow logo.,Negative,0.4317600727081299
30,2022-07-06T00:45:20.000Z,1544482596717043715,@scottcwheeler @porterairlines ‚ú®manifesting this travel energy‚ú®,Positive,0.7582966089248657
31,2022-07-06T00:39:51.000Z,1544481216560336898,@scottcwheeler @porterairlines You better not have stolen all the good mojo for my flight tomorrow.,Negative,0.8222002387046814
32,2022-07-05T23:54:19.000Z,1544469756446662656,@MarcDufresne4 @DonMartinCTV @AirCanada @WestJet @porterairlines @CMA_Docs @cpso_ca @MedicoLegalTO @LawSocietyLSO @pfizer @TOPublicHealth @UofTMedSoc Fake News. A picture. Ha ha.,Neutral,0.6112191081047058
33,2022-07-05T23:45:59.000Z,1544467660695642112,@Unicorn6610 @DonMartinCTV @AirCanada @WestJet @porterairlines @CMA_Docs @cpso_ca @MedicoLegalTO @LawSocietyLSO @pfizer @TOPublicHealth @UofTMedSoc https://t.co/IGSWmqSHMU,Neutral,0.7861692905426025
34,2022-07-05T23:32:16.000Z,1544464206967209991,"@MarcDufresne4 @DonMartinCTV @AirCanada @WestJet @porterairlines @CMA_Docs @cpso_ca @MedicoLegalTO @LawSocietyLSO @pfizer @TOPublicHealth @UofTMedSoc I just sent you an article.  A real man has no need to make up stories to deflect others from seeing their cowardice. You're no expert and your info is worth no more than the paper you wipe your ass with. #factsoverfear
Source 1: CDC
Source 2: WorldOMeter https://t.co/RG3SdRN1K8",Negative,0.8632819056510925
35,2022-07-05T23:21:28.000Z,1544461487669919746,"@lkco27 @porterairlines You've seen other airports, right? Half hour is nothing. Have some patience",Negative,0.45983707904815674
36,2022-07-05T23:03:07.000Z,1544456870483615744,@MarcDufresne4 @DonMartinCTV @AirCanada @WestJet @porterairlines @CMA_Docs @cpso_ca @MedicoLegalTO @LawSocietyLSO @pfizer @TOPublicHealth @UofTMedSoc Now don't waste my time. ü§°,Negative,0.5220949649810791
37,2022-07-05T23:02:16.000Z,1544456656129597442,"@MarcDufresne4 @DonMartinCTV @AirCanada @WestJet @porterairlines @CMA_Docs @cpso_ca @MedicoLegalTO @LawSocietyLSO @pfizer @TOPublicHealth @UofTMedSoc the info is gone. Maybe Keean is in trouble like another ""journalist"" Mark Slapinski is facing legal issues with Pfizer for stuff he said. You gave the impression that you read them like you were the authority. This isn't good. @pfizer
https://t.co/TeFUxho5Hz https://t.co/MZ9yxH0YkO",Negative,0.8826882839202881
38,2022-07-05T22:57:20.000Z,1544455416591040518,@Unicorn6610 @DonMartinCTV @AirCanada @WestJet @porterairlines @CMA_Docs @cpso_ca @MedicoLegalTO @LawSocietyLSO @pfizer @TOPublicHealth @UofTMedSoc The ask yourself why mass media doesn't talk about the Pfizer numbers.... And what has Keean Beste done or said to make him a white supremacist?,Negative,0.7437047958374023
39,2022-07-05T22:54:38.000Z,1544454735813541888,"@MarcDufresne4 @DonMartinCTV @AirCanada @WestJet @porterairlines @CMA_Docs @cpso_ca @MedicoLegalTO @LawSocietyLSO @pfizer @TOPublicHealth @UofTMedSoc The counter signal?  Omg. That's hilarious.
That's Keean Bexte. A white supremacist disinformation spreader. Dude. These people spread COVID disinformation to turn people against the gov't. Encourage spreading disease. It's a eugenics.",Negative,0.8227708339691162
40,2022-07-05T22:46:26.000Z,1544452672308318208,"@Unicorn6610 @DonMartinCTV @AirCanada @WestJet @porterairlines @CMA_Docs @cpso_ca @MedicoLegalTO @LawSocietyLSO @pfizer @TOPublicHealth @UofTMedSoc Here's some research done, censored by mass media. This is from Pfizer docs, resumed. https://t.co/Gy9pVtajbV",Neutral,0.7713155150413513
41,2022-07-05T22:29:34.000Z,1544448426523643904,@MarcDufresne4 @DonMartinCTV @AirCanada @WestJet @porterairlines @CMA_Docs @cpso_ca @MedicoLegalTO @LawSocietyLSO @pfizer @TOPublicHealth @UofTMedSoc You make claims on social media to influence others out of taking the Vax on purpose. You must show proof when you make such claims. YOU SAID that the data proved it was deadly was in those documents. Now where is it?,Negative,0.8203014135360718
42,2022-07-05T22:07:37.000Z,1544442905582092288,@MarcDufresne4 @DonMartinCTV @AirCanada @WestJet @porterairlines @CMA_Docs @cpso_ca @MedicoLegalTO @LawSocietyLSO @pfizer @TOPublicHealth @UofTMedSoc Who said I was vaxxed? This isn't the argument. I'm giving you an  example of what could happen. Now you're telling me it's a moot point?,Negative,0.5465197563171387
43,2022-07-05T21:52:27.000Z,1544439089981702149,"@Unicorn6610 @DonMartinCTV @AirCanada @WestJet @porterairlines @CMA_Docs @cpso_ca @MedicoLegalTO @LawSocietyLSO @pfizer @TOPublicHealth @UofTMedSoc Well since the vaxx doesn't stop the infection or spread of Covid, even if vaxxed you could ""kill"" your dad by transmission.",Negative,0.8301997184753418
44,2022-07-05T21:48:17.000Z,1544438038213935104,"@MarcDufresne4 @DonMartinCTV @AirCanada @WestJet @porterairlines @CMA_Docs @cpso_ca @MedicoLegalTO @LawSocietyLSO @pfizer @TOPublicHealth @UofTMedSoc Let me make something perfectly clear. Do you have a good lawyer to start? What if you misunderstood? What if I chose not to vaccinate based on what you told me. I end up with a tube down my throat or worse, I kill my 94 y.o. dad that isn't boostered. How much money do you have?",Negative,0.7670058608055115
45,2022-07-05T21:46:19.000Z,1544437546037436416,@MarcDufresne4 @DonMartinCTV @AirCanada @WestJet @porterairlines @CMA_Docs @cpso_ca @MedicoLegalTO @LawSocietyLSO @pfizer @TOPublicHealth @UofTMedSoc No. You have the answer. This isn't how you come to that conclusion or is this how you figured it out without actually reading all the 80k pages. You made the original statement that YOU had proof that was mention this Pfizer data dump. I'm starting to think you're lying.,Negative,0.8364110589027405
46,2022-07-05T21:33:55.000Z,1544434422476378113,"@Unicorn6610 @DonMartinCTV @AirCanada @WestJet @porterairlines @CMA_Docs @cpso_ca @MedicoLegalTO @LawSocietyLSO @pfizer @TOPublicHealth @UofTMedSoc You can take each ingredient mentioned and research them, simple. Blessings on your quest.",Positive,0.4871568977832794
47,2022-07-05T21:31:32.000Z,1544433823529795584,"@MarcDufresne4 @DonMartinCTV @AirCanada @WestJet @porterairlines @CMA_Docs @cpso_ca @MedicoLegalTO @LawSocietyLSO @pfizer @TOPublicHealth @UofTMedSoc You tell me. You're the one that read it and told me that it is unsafe. I want you to show me where &amp; how you came to that conclusion.
I don't have a BSc or PhD. Only have a BA. I wouldn't be able to understand the full scope of the scientific lit. w/o taking it out of context.",Negative,0.6971346139907837
48,2022-07-05T21:30:27.000Z,1544433550807764992,@Unicorn6610 @DonMartinCTV @AirCanada @WestJet @porterairlines @CMA_Docs @cpso_ca @MedicoLegalTO @LawSocietyLSO @pfizer @TOPublicHealth @UofTMedSoc More censored info by the media... https://t.co/qfRf4Cv8Nw,Neutral,0.6942377686500549
49,2022-07-05T21:12:26.000Z,1544429015590641666,@Unicorn6610 @MarcDufresne4 @DonMartinCTV @AirCanada @WestJet @porterairlines https://t.co/NaTgSewNnb,Neutral,0.8121694922447205
50,2022-07-05T20:50:10.000Z,1544423415414767618,"@Unicorn6610 @DonMartinCTV @AirCanada @WestJet @porterairlines @CMA_Docs @cpso_ca @MedicoLegalTO @LawSocietyLSO @pfizer @TOPublicHealth @UofTMedSoc Better yet, why don't contact the FDA or CDC and ask them to share the findings to you. Ask yourself why the media censors all info and injuries/death caused by the vaxx in the first place. Blessings",Negative,0.7106524109840393
51,2022-07-05T20:28:23.000Z,1544417931517431809,"@MarcDufresne4 @DonMartinCTV @AirCanada @WestJet @porterairlines DM me your real name and proof of your qualifications with your scientific research and I'll pass it on and make sure if indeed that those documents say what you say they do. @CMA_Docs @cpso_ca 
@MedicoLegalTO @LawSocietyLSO @pfizer @TOPublicHealth 
@UofTMedSoc",Neutral,0.6137747764587402
52,2022-07-05T20:21:06.000Z,1544416097125933058,@MarcDufresne4 @DonMartinCTV @AirCanada @WestJet @porterairlines Make sure you're 100%. You can be in a lot of legal trouble passing yourself off as expert w/ no qualifications to interpret what you're reading and then repeating those interpretations to others that can affect them in a neg way.,Negative,0.7780057787895203
53,2022-07-05T20:13:09.000Z,1544414099601252353,@nancyperryssm @AirCanada Fly on @porterairlines. Fantastic service and you stay clear of Pearson.,Positive,0.8103844523429871
54,2022-07-05T20:07:52.000Z,1544412767263891456,"@MarcDufresne4 @DonMartinCTV @AirCanada @WestJet @porterairlines Are you capable of reading and deciphering 80,000 pages of scientific research without taking anything out of context? Please transcribe entire reports and I'll turn that over to a medical expert such as my doctor and have her let me know if what you are saying is correct.",Neutral,0.41875219345092773
55,2022-07-05T19:57:38.000Z,1544410192070189056,"@Unicorn6610 @DonMartinCTV @AirCanada @WestJet @porterairlines Maybe you should read the Pfizer reports that outlined the deadly side effects of the vaxx... Pfizer wanted the FDA to seal them for 75 years until a court said no, do your own research my friend. Blessings",Negative,0.5870976448059082
56,2022-07-05T18:29:51.000Z,1544388103879671809,@porterairlines terrible that one can take their carry on bags one way than they don‚Äôt allow it returning and you sit and wait for bags for 1/2 hour - you sure lost me as a customer,Negative,0.9551492929458618
57,2022-07-05T17:34:50.000Z,1544374258410962944,RT @Hockey_Robinson: @scottcwheeler @porterairlines Now THAT is some good stuff.,Positive,0.8391018509864807
58,2022-07-05T17:33:13.000Z,1544373849206059008,@scottcwheeler @porterairlines Now THAT is some good stuff.,Positive,0.8509359955787659
59,2022-07-05T16:17:35.000Z,1544354815710564355,@MarcDufresne4 @DonMartinCTV Show proof. I would like to ask this pilot friend of yours some questions and provide me with proof that this is happening. Can pass on to media. Why don't you provide this other than telling people to do their own research? @AirCanada @WestJet @porterairlines anything?,Negative,0.4423713684082031
60,2022-07-05T16:16:56.000Z,1544354652094955522,"@timturr7 @scottcwheeler @porterairlines If they flew from more places, they're my go to as well. Best quality of service for the money",Positive,0.8296252489089966
61,2022-07-05T15:58:06.000Z,1544349911940009986,@jaredbook @scottcwheeler @porterairlines And chose the right player.,Positive,0.46195706725120544
62,2022-07-05T15:53:16.000Z,1544348696623534082,"RT @BBishopAirport: Hey Toronto! üëã Fly non-stop from #YTZ to #Fredericton daily on @porterairlines this summer! ‚úàÔ∏è

Get a taste of Atlantic‚Ä¶",Positive,0.6350573301315308
63,2022-07-05T15:52:54.000Z,1544348602348310531,"RT @aeroportbbishop: Hey Toronto! üëã Savez-vous que, cet √©t√©, @porterairlines propose tous les jours des vols sans escale entre #YTZ et #Fre‚Ä¶",Positive,0.5437018871307373
64,2022-07-05T15:52:35.000Z,1544348524288135172,"RT @BBishopAirport: Hey Toronto! üëã Fly non-stop from #YTZ to #Fredericton daily on @porterairlines this summer! ‚úàÔ∏è

Get a taste of Atlantic‚Ä¶",Positive,0.6350573301315308
65,2022-07-05T15:36:34.000Z,1544344493817679872,@scottcwheeler @porterairlines That‚Äôs nothing for a seasoned traveler,Negative,0.6976861953735352
66,2022-07-05T15:35:22.000Z,1544344193241268224,@jewilbe @porterairlines For five days with a suit? Yes.,Neutral,0.7281434535980225
67,2022-07-05T15:12:15.000Z,1544338376223903744,@scottcwheeler @porterairlines You check in bags?,Neutral,0.8639867305755615
68,2022-07-05T14:56:41.000Z,1544334458433806336,"RT @scottcwheeler: My flight to Montreal departed on time, arrived early, and my luggage was on the conveyer belt at the baggage pick-up as‚Ä¶",Neutral,0.6099182367324829
69,2022-07-05T14:44:05.000Z,1544331286642319362,"@chengypoker @scottcwheeler @porterairlines my flight hasn‚Äôt been delayed

yet",Neutral,0.6968998908996582
70,2022-07-05T14:42:46.000Z,1544330954478702595,@scottcwheeler @porterairlines @domluszczyszyn savage,Negative,0.7416244745254517
71,2022-07-05T14:36:02.000Z,1544329260801802242,"@scottcwheeler @porterairlines Making up for your sluggish departure from YSJ, haha!",Positive,0.6769759654998779
72,2022-07-05T14:30:49.000Z,1544327947946958848,"@scottcwheeler @porterairlines Never had a problem with Porter, they‚Äôre easily my first choice",Positive,0.8053948879241943
73,2022-07-05T14:27:43.000Z,1544327166539726849,@scottcwheeler @porterairlines You should go buy a 649! https://t.co/JKG79bQIGb,Neutral,0.7037968635559082
74,2022-07-05T14:26:49.000Z,1544326942651981826,@jaredbook @scottcwheeler @porterairlines Jumped 8 spots,Neutral,0.6229001879692078
75,2022-07-05T14:26:15.000Z,1544326798309314560,"RT @scottcwheeler: My flight to Montreal departed on time, arrived early, and my luggage was on the conveyer belt at the baggage pick-up as‚Ä¶",Neutral,0.6099182367324829
76,2022-07-05T14:25:52.000Z,1544326699772514307,@scottcwheeler @porterairlines You just won the Draft lottery,Neutral,0.4627293646335602
77,2022-07-05T14:25:11.000Z,1544326530314240004,"My flight to Montreal departed on time, arrived early, and my luggage was on the conveyer belt at the baggage pick-up as soon as I got to it. That‚Äôs some good karma.

Love you @porterairlines.",Positive,0.7524454593658447
78,2022-07-05T12:58:36.000Z,1544304741869576192,"Hey Toronto! üëã Savez-vous que, cet √©t√©, @porterairlines propose tous les jours des vols sans escale entre #YTZ et #Fredericton?!  ‚úàÔ∏è

@YFCAeroport https://t.co/McGI1XGb2R",Neutral,0.5611329674720764
79,2022-07-05T12:57:19.000Z,1544304417566072832,"Hey Toronto! üëã Fly non-stop from #YTZ to #Fredericton daily on @porterairlines this summer! ‚úàÔ∏è

Get a taste of Atlantic Canada's Craft Brewing Capital, ride along over 120 km of trails alongside the majestic Wolastoq, and discover curious makers every day of the week! #YFC https://t.co/0MfTYgEO9L",Positive,0.6736356019973755
80,2022-07-05T12:27:02.000Z,1544296794926075904,I‚Äôm very mad @porterairlines i got to check in at 7am when my flight takes off at 7:45am and they wouldn‚Äôt let me check in because gates closed at 6:45 never have I had porter close gates an hour before the flight so now I‚Äôm missing all my appotiments in Canada for school.,Negative,0.9319108128547668
81,2022-07-05T11:38:26.000Z,1544284565463875586,@Snakefish1 @globeandmail @porterairlines Limited capacity and routes.,Negative,0.6328192949295044
82,2022-07-05T10:46:07.000Z,1544271401397493760,@globeandmail Fly @porterairlines instead,Neutral,0.5496460199356079
83,2022-07-05T08:55:37.000Z,1544243590750244865,".@porterairlines - Remember, if you lose #travelers' luggage, you will be paying for it. https://t.co/c59OIcaF9F #LostLuggage",Neutral,0.5589772462844849
84,2022-07-05T03:02:48.000Z,1544154804242595840,"@msimeonova @AirCanada @porterairlines Congratulations, Marina!!  Sorry it was so stressful but very happy that everyone made it for your special day!",Positive,0.9176972508430481
85,2022-07-05T02:36:29.000Z,1544148180035682306,"@bitesizetherapy yes!

I think another reconnaissance trip may be in order @porterairlines",Neutral,0.48699191212654114
86,2022-07-04T22:02:02.000Z,1544079109994622976,@ClintRobertson_ @AirCanada @WestJet @porterairlines It‚Äôs really starting to sound like everything is a gigantic Charlie Foxtrot right now üòï,Negative,0.9172689318656921
87,2022-07-04T21:17:00.000Z,1544067780596596737,"4 flights done today, and they were all on time!! PLUS a Bonus, 2 were early departures üòç 
YYT is always kicking butt!! @porterairlines ‚úàÔ∏è‚úàÔ∏è‚úàÔ∏è",Positive,0.8165816068649292
88,2022-07-04T20:38:06.000Z,1544057989501517825,"@msimeonova @AirCanada @porterairlines Congratulations to you @msimeonova, your family and @porterairlines! ü•∞",Positive,0.9107872247695923
89,2022-07-04T20:04:38.000Z,1544049568496513024,"RT @msimeonova: Hey @AirCanada, my entire family almost missed my wedding on Jul 2 because of all of the last-minute flight cancellations.‚Ä¶",Negative,0.8264012336730957
90,2022-07-04T20:04:35.000Z,1544049553153830912,@msimeonova @AirCanada @porterairlines Congrats Marina! Your happy day should never have been this stressful!,Positive,0.8848740458488464
91,2022-07-04T19:33:25.000Z,1544041710644232192,@AnnaTorontow @porterairlines Sorry to hear about your gear. It‚Äôs almost comical how much they don‚Äôt care.,Negative,0.9322490096092224
92,2022-07-04T19:28:20.000Z,1544040430316257284,"(2/2) I had to go buy $300 of supplies to be gig ready after your less-than-helpful @porterairlines supervisors/CS reps/baggage people said *maybe I might be compensated $100‚Ä¶eventually. Super glad I paid $60 to check all my stuff.
Don‚Äôt #flyporter",Positive,0.46760180592536926
93,2022-07-04T19:23:14.000Z,1544039149384114178,Hey @porterairlines I totally understand that times are tough &amp; everyone‚Äôs doing their best. I get delays happen &amp; sometimes luggage misses a connection but to have absolutely no idea where mine went to &amp; when you‚Äôll get it back to me when I have a show TONIGHT (1/2)‚Ä¶,Negative,0.7941291928291321
94,2022-07-04T19:08:55.000Z,1544035545097060356,"RT @ClintRobertson_: Friends -I‚Äôm telling u, take @AirCanada at your own risk -virtually every flight I‚Äôve taken in past month has been can‚Ä¶",Neutral,0.6255218982696533
95,2022-07-04T19:06:23.000Z,1544034906862501890,"Hey @AirCanada, my entire family almost missed my wedding on Jul 2 because of all of the last-minute flight cancellations. First of all, how dare u‚Ä¶
Thankfully I was able to rebook them all on @porterairlines and they made it just in time! Thank you, @porterairlines!!üíï",Positive,0.49285274744033813
96,2022-07-04T19:05:55.000Z,1544034792588582912,"Friends -I‚Äôm telling u, take @AirCanada at your own risk -virtually every flight I‚Äôve taken in past month has been cancelled /delayed multiple times due to mechanical/crew, including today.I haven‚Äôt heard about @WestJet or @porterairlines having all these issues https://t.co/B1oYOWc5z4",Negative,0.8967312574386597
97,2022-07-04T18:59:08.000Z,1544033081845219328,"RT @HaroutBedrossia: @AirCanada my flight was canceled last minute, had to rebook with @porterairlines , and no issues booking ‚Ä¶if staffing‚Ä¶",Negative,0.7247617840766907
98,2022-07-04T18:00:58.000Z,1544018445779587080,"Here‚Äôs a fun update! @porterairlines says we‚Äôre not entitled to compensation under the current regulations, which is true. But we will be under the new ones. Going to try and take this to arbitration. By the time that happens, the new rules will be in effect.",Positive,0.5825785398483276
99,2022-07-04T17:57:59.000Z,1544017692595671040,@selenavyle @porterairlines üò≥üò≥,Neutral,0.5254039168357849
100,2022-07-04T17:27:36.000Z,1544010046413176836,@NonGleeVersion @porterairlines Thank you. They are Golden Girls socks. https://t.co/BtJZE8pSGh,Neutral,0.4991891384124756
101,2022-07-04T17:26:24.000Z,1544009745622880256,@grumplovesyou @porterairlines Oh it used to be so cute in here!,Positive,0.6362311244010925
102,2022-07-04T17:24:05.000Z,1544009162681638914,@porterairlines So hey Porter why bother with sky check if I still have to wait 30 min (and counting) to get it back at YTZ?,Negative,0.6900704503059387
103,2022-07-04T16:56:45.000Z,1544002285583405058,@selenavyle @porterairlines I‚Äôve never experienced anything but this from them üòÇ,Positive,0.4493766725063324
104,2022-07-04T16:55:30.000Z,1544001968116580354,@selenavyle @porterairlines Omg‚Ä¶.,Positive,0.41376993060112
105,2022-07-04T16:36:30.000Z,1543997189269196800,@selenavyle @porterairlines Don't Ask Don't Tell,Neutral,0.5730776786804199
106,2022-07-04T16:33:33.000Z,1543996444687974400,When the hell did @porterairlines switch to military plane seating? https://t.co/h4Nr6Sex7h,Neutral,0.49010971188545227
107,2022-07-04T16:14:35.000Z,1543991674283630593,"DAY #177 I‚Äôm still waiting for a solution.I have an email from edreams where they tells me that I had a maximum response time of 28/06 and it was a LIE, I'm still waiting, they said that @porterairlines  already gave an answer and STILL I HAVE NO A SOLUTION! #edreams",Negative,0.8602897524833679
108,2022-07-04T16:00:41.000Z,1543988176867442690,@dswintal @_jeremyscott_ @porterairlines @BBishopAirport https://t.co/WKR0rFdd0r,Neutral,0.7557878494262695
109,2022-07-04T15:59:36.000Z,1543987901586972672,@AlyciaHodapp @_jeremyscott_ @porterairlines @BBishopAirport Home races rock!!,Positive,0.7715034484863281
110,2022-07-04T15:59:17.000Z,1543987822369144833,@_jeremyscott_ @dswintal @porterairlines @BBishopAirport We‚Äôre driving to the #IndyTO! ü§£ü§£,Neutral,0.5910702347755432
111,2022-07-04T15:58:40.000Z,1543987668224294917,@AlyciaHodapp @_jeremyscott_ @porterairlines @BBishopAirport That thought def occurred,Neutral,0.7112340927124023
112,2022-07-04T15:58:28.000Z,1543987618114936832,"@dswintal @AlyciaHodapp @porterairlines @BBishopAirport Interesting, then again I‚Äôm a stubborn Midwesterner who would probably still drive to Toronto/Mosport https://t.co/6BFOBKVJkg",Negative,0.5763822793960571
113,2022-07-04T15:58:13.000Z,1543987553015144448,@_jeremyscott_ @dswintal @porterairlines @BBishopAirport And it‚Äôs the end of the ‚Äúlong weekend‚Äù. Think they hit the trifecta. https://t.co/N4lCDCoqt5,Neutral,0.5389184951782227
114,2022-07-04T15:57:37.000Z,1543987403744059392,@_jeremyscott_ @AlyciaHodapp @porterairlines @BBishopAirport 3/4 of those folks went to BUF,Neutral,0.7320988178253174
115,2022-07-04T15:57:34.000Z,1543987392285184002,"@AlyciaHodapp @dswintal @porterairlines @BBishopAirport Eh, you &amp; Rob have been (and will be for a while) crossing North America on a weekly basis, it‚Äôs alright ü§£",Positive,0.43748828768730164
116,2022-07-04T15:56:40.000Z,1543987165700542466,@dswintal @AlyciaHodapp @porterairlines @BBishopAirport Probably doesn‚Äôt help most of those people came from Bowmanville either,Negative,0.6475597620010376
117,2022-07-04T15:56:31.000Z,1543987127989538817,"@dswintal @_jeremyscott_ @porterairlines @BBishopAirport *I said that all dumb ü§£ü§¶üèº‚Äç‚ôÄÔ∏è *11 am arrival at the airport not departure ü§£ü§¶üèº‚Äç‚ôÄÔ∏è Ya, we normally get there around 5 am for our 7 am, so the long lines must have already pushed through. Glad you made it through, though!",Negative,0.37659111618995667
118,2022-07-04T15:53:29.000Z,1543986364328337408,"@AlyciaHodapp @_jeremyscott_ @porterairlines @BBishopAirport I think the biggest problem at that hour of the morning is that since security &amp; customs don't open till 4am, it just gets super backed up waiting. Literally hundreds of people.

Also an issue when you're flying west. Is what it is, err on the side of caution and all that...",Negative,0.9128869771957397
119,2022-07-04T15:50:08.000Z,1543985520476405763,"@_jeremyscott_ @dswintal @porterairlines @BBishopAirport This is so odd‚Ä¶Rob and I always fly threw customs‚Ä¶some super early mornings can be tricky, but we hardly ever have a problem. ü§∑üèº‚Äç‚ôÄÔ∏è Also, we‚Äôve learned the proper times to fly. 1-2 pm flight with an 11 am departure is the best.",Negative,0.42299097776412964
120,2022-07-04T13:07:43.000Z,1543944646782586880,"@Christi95382907 @porterairlines Hi, Christine. We have responded via DM. *AS",Neutral,0.7779790163040161
121,2022-07-04T13:03:05.000Z,1543943481202204673,@EWRairport @EWRairport Is the TSA Pre-Check line open in Terminal B? My parents are flying @porterairlines to Toronto this afternoon and wondering about wait times,Neutral,0.8694406151771545
122,2022-07-04T11:43:17.000Z,1543923396878237697,"@dswintal If you have to fly (but why would you, the Canadian countryside is gorgeous), @porterairlines flies into @BBishopAirport, steps from the track.",Positive,0.5709897875785828
123,2022-07-04T04:55:38.000Z,1543820809566932992,RT @AviationJobsMe: #DHC8-400 Non Type Rated Captains @porterairlines Canada #jobs https://t.co/MmiUzVapep https://t.co/2Sb6ouuQaT,Neutral,0.8509327173233032
124,2022-07-04T01:05:07.000Z,1543762798374785025,#DHC8-400 Captains @porterairlines Canada #aircraft https://t.co/pTTMEPdk4z https://t.co/vZuTkKtu2c,Neutral,0.8315524458885193
125,2022-07-03T22:57:57.000Z,1543730797563322368,"@Karenamoores ‚ù§Ô∏èThose workers are caught in quite a mess. My husband‚Äôs @WestJet flight on June 30 was cancelled and still hasn‚Äôt been rebooked. We are grateful that @porterairlines was able to get him here, but we‚Äôre still waiting to hear on status of original flight ü§∑‚Äç‚ôÄÔ∏è",Negative,0.891353189945221
126,2022-07-03T21:53:39.000Z,1543714613258223617,RT @GoHomeKaren: Switched to @porterairlines after @AirCanada cancelled my return from NYC twice and lost a reservation for a third flight.‚Ä¶,Negative,0.713094174861908
127,2022-07-03T21:46:51.000Z,1543712904838520833,Switched to @porterairlines after @AirCanada cancelled my return from NYC twice and lost a reservation for a third flight.  It was easy to fly Porter and faster than going to PIA YYZ.   Cancelling return flights while you are away is BS.  I'll be flying #PorterAirlines again. https://t.co/AM5d7XpWsJ,Negative,0.8951271772384644
128,2022-07-03T20:19:10.000Z,1543690837695029254,@thephysicsgirl @AirCanada Air Canada is absolutely terrible in my experience. I've lived in Toronto all my life and they are just the worst. Use @porterairlines whenever possible!!,Negative,0.9552990198135376
129,2022-07-03T19:10:12.000Z,1543673481090539520,"@porterairlines If you're serious about mask reqs, I wish you'd cut drink service on short flights and stick to bottled water for people who request it.",Negative,0.49655255675315857
130,2022-07-03T16:26:06.000Z,1543632182824128512,today @porterairlines is taking off over the beach &amp; making me think about how much i want to learn to fly a plane every 20 minutes,Positive,0.5238451361656189
131,2022-07-03T16:11:41.000Z,1543628554986029057,@porterairlines employees took it upon themselves to close the counter 1:15 min before takeoff (instead of 45 min) which was the reason I missed my flight. Great staff #flyporter @BostonLogan,Positive,0.6355846524238586
132,2022-07-03T14:51:40.000Z,1543608418224717824,@tweet4howi @RunwayGirl @rfrancey @AlexPraglowski @beausallnatural @porterairlines Whaaaaaat?!?!  This might require a try!!!,Positive,0.5093185901641846
133,2022-07-03T14:50:04.000Z,1543608015437307906,"@porterairlines came 1.5 hours before my flight and nobody was there at the desk to check me in‚Ä¶ now I will miss my flight and my sisters wedding. Thank you @porterairlines for your amazing service. Definitely will fly Porter again, NOT. HORRIBLE SERVICE. Do not #flyporter",Negative,0.9233431816101074
134,2022-07-03T14:48:18.000Z,1543607570669117443,"@RunwayGirl @rfrancey @AlexPraglowski @heatherbambrick This @beausallnatural x  @porterairlines #Porter goes beyond the #AvGeek theme as it is a good beer! Tried it,  loving how smooth it is with a hint of chocolaty taste too! https://t.co/grCO37mOYK",Positive,0.8043408989906311
135,2022-07-03T13:29:22.000Z,1543587708970287104,"@brianlilley Fun. I guess @TorontoPearson and @catsa_gc had better start hiring more people. Same with @WestJet and @AirCanada 

Finally- thanks @FlyYOW and @porterairlines for not being trash!",Negative,0.8459451794624329
136,2022-07-03T07:22:32.000Z,1543495390850334723,@AirCanada my HELP got ignored!!  Got home because I have a great boss who sorted us both out. Fly @porterairlines they fly on time and don‚Äôt can flights. Luggage still missing!,Negative,0.4645117223262787
137,2022-07-03T06:43:22.000Z,1543485533829185538,"@embraer @porterairlines Uau, muito orgulho da engenharia a√©rea espacial da Embraer. Inova√ß√£o, tecnologia, ousadia e empreendedorismo. Parab√©ns üëè üëè",Positive,0.9318172335624695
138,2022-07-03T05:27:17.000Z,1543466386919497735,RT @AviationJobsMe: #DHC8-400 Non Type Rated Captains @porterairlines Canada #jobs https://t.co/MmiUzVapep https://t.co/2Sb6ouuQaT,Neutral,0.8509327173233032
139,2022-07-03T01:02:05.000Z,1543399647250714624,#DHC8-400 Non Type Rated Captains @porterairlines Canada #jobs https://t.co/MmiUzVapep https://t.co/2Sb6ouuQaT,Neutral,0.823940634727478
140,2022-07-03T00:05:05.000Z,1543385303221764096,#DHC8-400 Captains @porterairlines Canada #aviationlovers https://t.co/gED3QPSu8P https://t.co/tm0wmTFuXb,Neutral,0.7817034721374512
141,2022-07-02T22:07:42.000Z,1543355760670908419,"So with all the delays and problems at Pearson Airport, are the delays at @BBishopAirport similar or better?  @porterairlines",Negative,0.5426647067070007
142,2022-07-02T18:31:40.000Z,1543301396061110272,"@DominicCardy @AirCanada Fly @porterairlines to Toronto and then @WestJet to Regina? ü§∑‚Äç‚ôÇÔ∏è I can empathize with the situation but flying AC has been a crap show the last month or so (from experience), not exactly shocking ‚Ä¶it‚Äôs also not the only international airline having this issue",Negative,0.9313201308250427
143,2022-07-02T15:59:50.000Z,1543263185523904512,@embraer @porterairlines Brasil e Canad√° juntos!!! üëèüëèüëèüáßüá∑üá®üá¶,Positive,0.8191767930984497
144,2022-07-02T15:37:35.000Z,1543257587445022722,@JezebelRising @AirCanada @porterairlines @WestJet @UnitedAirlines_ @Delta That‚Äôs wonderful. ü•∞,Positive,0.8430487513542175
145,2022-07-02T15:35:53.000Z,1543257159819042817,An unconventional health &amp; wellness retreat in Old Quebec City.  https://t.co/ZAJpqWIBUw‚Ä¶ #travel by Via Rail   @VIA_Rail  to Quebec or fly @porterairlines  story written by @lotusandlager https://t.co/BtEFo18sbB,Neutral,0.5644687414169312
146,2022-07-02T15:34:59.000Z,1543256932202446853,"@SaxMike71 @AirCanada @porterairlines @WestJet @UnitedAirlines_ @Delta I learned, simply, that being miserable because that's just the way life is is no longer an option for me. So my poly life, which was known to only a few prior, is now completely open. Even my parents have become friends with my partners. No more being unhappy.",Negative,0.78526371717453
147,2022-07-02T15:34:44.000Z,1543256869304766467,"@hottotrot1 @lotusandlager An unconventional health &amp; wellness retreat in Old Quebec City.  https://t.co/ZAJpqWIBUw‚Ä¶ #travel by Via Rail to Quebec or fly 
@porterairlines
 
@lotusandlager",Neutral,0.4751651883125305
148,2022-07-02T15:31:03.000Z,1543255942300590080,RT @hottotrot1: An unconventional health &amp; wellness retreat in Old Quebec City.  https://t.co/79Hd3uoXJY #travel by Via Rail to Quebec or f‚Ä¶,Neutral,0.5538957715034485
149,2022-07-02T15:24:11.000Z,1543254214834528257,@JezebelRising @AirCanada @porterairlines @WestJet @UnitedAirlines_ @Delta Grrr‚Ä¶you‚Äôre reminding me of all that I‚Äôve lost on that front. I‚Äôm trying to maintain my hopelessly monastic lifestyle but even I have my days where I‚Äôm sick of it.,Negative,0.9423807859420776
150,2022-07-02T14:40:17.000Z,1543243166589009921,"@SaxMike71 @AirCanada @porterairlines @WestJet @UnitedAirlines_ @Delta My head when loony toons for a while during the first year of the pandemic. Quit my job at the 18 month mark. Went back to contract remote work. And began to travel again as soon as it was feasible. I weighed the pros and cons, and my mental health (and sex drive) won. ;) Greedy.",Negative,0.6363101005554199
151,2022-07-02T14:34:13.000Z,1543241640541929475,"@JezebelRising @AirCanada @porterairlines @WestJet @UnitedAirlines_ @Delta I‚Äôm just greedy in my head. That‚Äôs my last remaining refuge, but even that‚Äôs taking a hit.",Negative,0.9175372123718262
152,2022-07-02T14:33:40.000Z,1543241498929627136,@JezebelRising @AirCanada @porterairlines @WestJet @UnitedAirlines_ @Delta Three! I wish!,Neutral,0.5011955499649048
153,2022-07-02T14:30:38.000Z,1543240738372198400,"@SaxMike71 @AirCanada @porterairlines @WestJet @UnitedAirlines_ @Delta Greedy and selfish? ;) I have three. So, definitely greedy. *grins*",Negative,0.8821794390678406
154,2022-07-02T14:30:31.000Z,1543240708324196354,So if you‚Äôre going to porter. Leave additional time. @porterairlines may be worth it to look into online check in for all.,Neutral,0.6988362669944763
155,2022-07-02T14:27:24.000Z,1543239925130199042,@JezebelRising @AirCanada @porterairlines @WestJet @UnitedAirlines_ @Delta Why are you hogging all the partners? Save some for the rest of us. üòÇ,Negative,0.7624756097793579
156,2022-07-02T14:26:24.000Z,1543239673778249731,@JezebelRising @AirCanada @porterairlines @WestJet @UnitedAirlines_ @Delta That‚Äôs lovely. I do hope you remain safe! ü•∞,Positive,0.866723895072937
157,2022-07-02T14:24:56.000Z,1543239302326394882,"@SaxMike71 @AirCanada @porterairlines @WestJet @UnitedAirlines_ @Delta I hear you. My two partners live in the US. Too far away to drive (Savannah and Sacramento and I live in Atlantic Canada). After 18 months of not being able to see them during the 1-3rd waves of the pandemic I now (selfishly, admittedly) am traveling again to see them.",Negative,0.9037922024726868
158,2022-07-02T14:24:41.000Z,1543239241366487042,The wait times at @porterairlines this morning have been busy and uneccesarry. I waited 45 mins to check in (with no carry on or luggage) because my base fare wouldn‚Äôt allow online check in.,Negative,0.8905951976776123
159,2022-07-02T14:21:02.000Z,1543238321299771394,"@JezebelRising @AirCanada @porterairlines @WestJet @UnitedAirlines_ @Delta I‚Äôm not flying for a variety of reasons, but I‚Äôm reluctant to fly any one that doesn‚Äôt have a mask rule in place. I don‚Äôt relish being stuck in a metal tube with selfish a-holes for hours at a time who don‚Äôt care for the safety of their fellow person.",Negative,0.9035432934761047
160,2022-07-02T14:16:07.000Z,1543237086211457026,"@SaxMike71 @AirCanada @porterairlines @WestJet I fly a few US airlines, often because of code sharing. @UnitedAirlines_ and @Delta have a mix of people wearing and not wearing them. It is concerning being seated next to someone without one as I work in healthcare so I try to avoid flying airlines without mask requirements.",Negative,0.8618364930152893
161,2022-07-02T14:09:52.000Z,1543235513477382146,@JezebelRising @AirCanada @porterairlines @WestJet I wish I could fly them and escape from America‚Äôs Wang(TM).,Negative,0.455576628446579
162,2022-07-02T14:09:15.000Z,1543235356451119106,"@DanhausenAD Toy really need to try Westjet or Porter when you can. If you can. 

@WestJet 
@porterairlines",Neutral,0.4953177273273468
163,2022-07-02T14:09:02.000Z,1543235299832221697,"@SaxMike71 It confuses American passengers but they rarely balk when reminded to put it back on. I have flown dozens of times in the past year and have never been on a flight with mask non-compliance by any passengers. It is the reason I fly @AirCanada, @porterairlines and @WestJet.",Negative,0.6002031564712524
164,2022-07-02T13:21:58.000Z,1543223456854151171,How Porter has escaped rivals' airport woes https://t.co/z0ht7ugL3u via @YouTube what a joke @porterairlines last night was a comedy of delays and cancellations @financialpost,Negative,0.9262775778770447
165,2022-07-02T02:52:35.000Z,1543065068161613825,"@nick_dagostino @porterairlines Hey, I‚Äôm on your flight! fml",Neutral,0.7314990758895874
166,2022-07-02T02:05:56.000Z,1543053326673223681,Thanks @porterairlines for sending us to a different city after delaying our flight by three hours. üëçüèº,Positive,0.5429971218109131
167,2022-07-02T00:02:04.000Z,1543022154161192960,#DHC8-400 Non Type Rated Captains @porterairlines Canada #aviationlife https://t.co/xwMzteoxUy https://t.co/2wRXJMaXuF,Neutral,0.7106404900550842
168,2022-07-01T23:05:06.000Z,1543007817400999936,#DHC8-400 Captains @porterairlines Canada #avgeek https://t.co/4yIpM4wqfP https://t.co/sCtIXRTvwl,Neutral,0.8014132976531982
169,2022-07-01T22:53:13.000Z,1543004828464566272,@porterairlines the worst ducking airlines ever. Cancelled our flights last minute and rebooked for July 3 when we have to return on July 4. Never fly Porter y‚Äôall it‚Äôll be a complete waste of your holiday weekend. Scam artists,Negative,0.9615225195884705
170,2022-07-01T22:04:11.000Z,1542992490759847936,"@JamieSmith807 @Scott_Paradis @porterairlines @AirCanada It's all dumpster fire level of customer service right now. Hopefully once the TB airport improvements are done, service returns to an acceptable level.",Positive,0.459489107131958
171,2022-07-01T21:49:58.000Z,1542988910065745926,@Scott_Paradis @porterairlines @AirCanada Brutal.,Negative,0.6988719701766968
172,2022-07-01T20:15:10.000Z,1542965052554215427,"@AirCanada my flight was canceled last minute, had to rebook with @porterairlines , and no issues booking ‚Ä¶if staffing is your issue then you have loyalty problem , major management issue .",Negative,0.8528098464012146
173,2022-07-01T20:00:57.000Z,1542961478436884480,@porterairlines How are the E195-E2 jets coming along? Are you guys going to receive them this year?,Neutral,0.805616557598114
174,2022-07-01T19:37:56.000Z,1542955682760212481,"@JamieSmith807 @porterairlines Just had my flight to Toronto cancelled because @porterairlines suddenly realized they had to do maintenance on planes for safety reasons. 

The only way not to lose out on tickets/ hotels / etc I just dropped $1,200 CAD on last-minute @AirCanada tickets. #sunkencostfallacy",Negative,0.7291169166564941
175,2022-07-01T18:04:13.000Z,1542932098658492421,TFW when your departure slips so far that the next flt #EWR to #YTZ is boarding @porterairlines,Neutral,0.7104084491729736
176,2022-07-01T17:29:03.000Z,1542923249268531202,"@littmath @AirCanada Once you're here, you can start flying @porterairlines like all the cool people do :-)

Welcome to Toronto!",Positive,0.8248024582862854
177,2022-07-01T16:46:18.000Z,1542912491017146372,"@AirCanada Never again! From now on just @latam for our flights to southamerica and @porterairlines for the US.
Didn't help that @FlightHub didn't offer a better option for my connecting flight, and blamed Air Canada for the limited options.",Negative,0.9224885106086731
178,2022-07-01T16:31:17.000Z,1542908713362759682,@ClausiPeter @AirCanada @porterairlines Don‚Äôt give up hope!  Mine landed Sunday and just got mine. https://t.co/dnpnLUkmwE,Positive,0.5570233464241028
179,2022-07-01T16:28:51.000Z,1542908101141078019,"@AirCanada flight came back on Tuesday, today is Friday, and you still haven't delivered the luggage. How can you lose a bag on a non-stop flight within ontario? This is why people prefer @porterairlines",Negative,0.9220827221870422
180,2022-07-01T16:06:54.000Z,1542902574604500992,When you have to book with @porterairlines because @AirCanada says the flight they rebooked you on is 4 days away. What a bunch of yahoos.,Negative,0.8867155313491821
181,2022-07-01T15:13:52.000Z,1542889230409601024,@LeafsBills99 @porterairlines It‚Äôs Canada day so maybe they all stay home? Aviation is in crisis in Canada,Negative,0.7708669304847717
182,2022-07-01T14:46:52.000Z,1542882434294988802,Hey @porterairlines . Anyone at your check in counter at YYT? People in line waiting to get checked in.,Neutral,0.8194637894630432
183,2022-07-01T12:57:14.000Z,1542854846319013888,@porterairlines should follow up and right this situation https://t.co/MwQwqtahyr,Neutral,0.545971155166626
184,2022-07-01T12:54:31.000Z,1542854160856522752,@PowderMatt Not yet @porterairlines,Neutral,0.788851261138916
185,2022-07-01T10:44:20.000Z,1542821398837698563,"@porterairlines our flight is in 2 hrs and there‚Äôs no one checking people/bags in at @fly2midway 

What is goin on?!? üò´",Negative,0.8574575781822205
186,2022-07-01T04:14:32.000Z,1542723304821235713,When @AirCanada denies my compensation/refund request from my 3 day delay/cancellation in Toronto. I am now 100% #TeamPorter @porterairlines https://t.co/rCQKayJpv4,Negative,0.8418164253234863
